image_id,phototype,mean_r,mean_g,mean_b,median_r,median_g,median_b,std_r,std_g,std_b,mean_h,mean_s,mean_v,mean_l,mean_a,mean_lab_b,std_l,std_a,std_lab_b,ita,b_to_a_ratio,rg_ratio,rb_ratio,undertone
IMG_00290,Medium,177.992,134.968,90.067,177.211,134.788,88.55,7.892,5.838,4.301,12.281,77.387,147.207,57.728,14.114,20.847,2.955,3.383,1.993,20.34,1.4771,1.3188,1.9762,Warm
IMG_01037,Tan,161.51,108.019,79.006,161.135,110.313,78.92,11.924,7.065,4.369,10.407,91.213,123.576,48.461,18.367,15.715,3.882,1.619,2.753,-5.592,0.8556,1.4952,2.0443,Neutral
IMG_00536,Medium,185.07,128.121,105.001,184.709,125.533,104.556,5.848,9.62,4.783,8.111,58.142,152.678,59.874,17.895,9.643,3.703,1.63,3.211,45.677,0.5389,1.4445,1.7625,Cool
IMG_00347,Fair,215.338,178.066,127.9,213.389,177.622,128.581,11.232,5.745,7.643,16.316,101.512,195.276,76.579,12.74,21.293,2.202,1.301,3.073,51.301,1.6714,1.2093,1.6836,Warm
IMG_01076,Medium,190.716,144.429,116.414,191.591,144.869,116.749,7.419,9.81,6.909,9.327,72.843,164.985,64.7,14.264,11.122,2.788,1.568,2.43,52.89,0.7797,1.3205,1.6383,Neutral
IMG_00783,Fair,200.39,157.888,140.57,199.629,157.541,138.302,8.083,10.408,5.767,9.817,48.416,184.638,72.407,12.669,7.346,2.123,1.581,2.227,71.849,0.5798,1.2692,1.4255,Cool
IMG_00304,Fair,199.699,158.847,122.895,200.579,156.321,125.345,4.059,7.127,3.781,18.307,103.78,178.193,69.88,15.112,17.905,4.277,3.318,3.718,47.992,1.1848,1.2572,1.625,Warm
IMG_00755,Tan,134.885,77.302,69.509,132.971,78.056,71.467,6.794,7.083,10.504,8.076,89.014,99.269,38.929,22.068,5.761,2.149,2.351,3.421,-62.508,0.2611,1.7449,1.9405,Cool
IMG_00537,Medium,192.424,135.847,108.051,192.796,136.689,107.23,6.197,5.412,5.77,8.757,75.382,157.342,61.703,20.077,12.971,4.449,2.208,3.09,42.058,0.646,1.4165,1.7809,Cool
IMG_00077,Medium,175.312,147.538,99.295,175.399,148.474,99.385,6.781,8.154,9.466,17.385,78.531,156.534,61.386,12.002,17.934,5.709,1.74,2.238,32.41,1.4943,1.1882,1.7656,Warm
IMG_00406,Medium,162.467,121.395,87.279,163.82,118.732,85.6,6.555,5.265,10.669,15.477,103.396,137.426,53.893,14.541,18.054,5.693,2.252,3.4,12.167,1.2416,1.3383,1.8615,Warm
IMG_01309,Medium,180.017,134.929,104.902,176.91,136.272,105.567,5.882,8.891,3.647,9.375,114.347,150.531,59.032,14.848,13.767,4.865,1.435,3.097,33.266,0.9272,1.3342,1.7161,Neutral
IMG_00916,Tan,160.254,121.962,86.19,159.612,120.414,86.986,7.332,10.258,7.994,9.882,53.282,134.973,52.931,15.327,15.399,4.543,2.84,3.202,10.775,1.0047,1.314,1.8593,Neutral
IMG_00552,Medium,200.035,150.421,119.474,200.991,150.123,118.898,4.031,6.968,4.252,4.192,71.497,171.927,67.422,17.81,12.675,5.018,1.835,2.353,53.963,0.7117,1.3298,1.6743,Cool
IMG_01222,Medium,180.295,145.909,106.209,179.948,144.605,106.464,6.986,9.761,5.045,8.426,72.536,162.74,63.819,12.692,16.844,3.665,1.917,3.247,39.367,1.3271,1.2357,1.6976,Neutral
IMG_00044,Fair,231.174,186.06,143.913,231.592,186.55,141.87,5.373,5.406,3.638,13.034,108.379,209.246,82.057,14.177,17.789,5.657,1.471,2.699,60.973,1.2548,1.2425,1.6064,Warm
IMG_00260,Fair,218.034,178.602,126.114,218.761,180.05,124.281,5.688,9.391,3.728,14.286,98.658,194.326,76.206,16.051,24.029,5.375,2.259,1.766,47.482,1.4971,1.2208,1.7289,Warm
IMG_00116,Fair,203.298,163.512,114.094,205.217,164.919,114.538,6.314,9.801,4.371,15.04,93.027,180.642,70.84,14.702,21.183,5.824,1.922,3.51,44.532,1.4409,1.2433,1.7818,Warm
IMG_00586,Fair,211.339,163.354,150.616,211.065,163.059,151.152,4.765,6.18,10.582,7.955,84.693,191.146,74.959,12.493,8.993,4.358,1.992,2.827,70.185,0.7199,1.2937,1.4032,Cool
IMG_01047,Tan,133.356,108.438,73.247,132.275,110.963,73.225,6.703,9.746,8.127,12.765,73.081,117.344,46.017,13.087,14.281,4.109,1.949,1.834,-15.583,1.0912,1.2298,1.8206,Neutral
IMG_00079,Deep,113.12,82.887,45.844,113.181,83.092,45.574,6.437,4.066,6.522,17.021,87.105,87.034,34.131,13.497,17.268,2.694,2.798,2.1,-42.582,1.2795,1.3647,2.4675,Warm
IMG_00050,Tan,141.385,122.311,69.328,140.758,122.269,69.609,5.91,4.273,6.16,21.058,88.469,122.88,48.188,12.362,22.878,3.149,1.882,1.807,-4.528,1.8507,1.1559,2.0394,Warm
IMG_00368,Medium,205.396,169.142,112.072,206.713,169.364,112.615,6.45,9.365,4.043,15.196,137.983,183.968,72.144,13.609,23.078,5.524,1.79,2.742,43.817,1.6958,1.2143,1.8327,Warm
IMG_01055,Fair,226.363,183.797,140.44,226.506,183.226,139.654,4.68,7.579,9.659,11.107,91.644,203.272,79.715,15.374,18.155,5.446,1.266,3.642,58.576,1.1809,1.2316,1.6118,Neutral
IMG_01030,Medium,183.631,140.588,104.666,181.421,140.766,101.628,7.598,7.144,7.586,10.973,106.141,158.061,61.985,17.018,15.829,3.326,1.603,3.198,37.13,0.9301,1.3062,1.7545,Neutral
IMG_00625,Fair,206.53,153.416,128.696,205.918,152.694,127.626,10.194,8.488,8.262,6.984,57.146,181.75,71.275,16.056,11.919,3.549,3.291,3.721,60.74,0.7424,1.3462,1.6048,Cool
IMG_00391,Medium,179.051,151.846,109.142,180.42,150.43,109.883,6.919,9.614,6.462,14.28,87.085,165.308,64.826,10.428,18.25,3.34,1.677,2.182,39.09,1.7501,1.1792,1.6405,Warm
IMG_00317,Fair,197.781,183.744,128.151,198.259,182.7,130.805,5.373,9.155,8.697,16.737,87.692,194.153,76.138,8.375,20.155,4.223,2.809,2.271,52.364,2.4065,1.0764,1.5434,Warm
IMG_01007,Fair,218.038,175.933,124.226,216.672,176.909,124.148,11.873,9.839,10.038,13.343,92.518,192.93,75.659,14.02,20.341,3.209,2.927,3.413,51.594,1.4509,1.2393,1.7552,Neutral
IMG_00870,Medium,187.086,135.322,115.872,188.049,135.857,115.104,6.975,6.727,9.759,8.412,98.114,160.001,62.745,17.071,9.757,4.638,1.336,3.69,52.564,0.5716,1.3825,1.6146,Cool
IMG_01033,Medium,176.581,136.352,99.043,178.773,136.765,101.185,11.346,10.476,10.59,12.03,65.9,152.747,59.901,14.742,16.605,4.918,2.484,2.736,30.805,1.1264,1.295,1.7829,Neutral
IMG_00359,Medium,175.933,137.647,105.707,175.454,138.231,106.314,10.46,4.265,6.48,15.785,80.872,153.676,60.265,11.084,13.911,3.347,2.51,3.439,36.423,1.255,1.2781,1.6643,Warm
IMG_01002,Fair,234.96,173.602,145.196,235.208,171.87,144.617,4.052,4.555,6.672,12.552,117.309,205.74,80.682,18.26,13.988,5.209,1.848,2.827,65.491,0.7661,1.3534,1.6182,Neutral
IMG_00395,Fair,210.943,175.518,127.114,208.714,173.821,128.189,4.864,3.988,7.917,14.469,118.497,194.366,76.222,13.959,23.018,4.083,2.907,2.525,48.723,1.649,1.2018,1.6595,Warm
IMG_00234,Medium,178.962,149.407,93.539,179.672,149.398,93.281,7.094,4.064,4.604,18.851,75.071,160.993,63.135,12.346,21.785,3.192,1.406,3.568,31.087,1.7646,1.1978,1.9132,Warm
IMG_00068,Medium,169.989,139.056,96.7,169.92,139.823,95.328,10.951,7.494,3.728,17.914,103.922,148.913,58.397,13.08,20.715,5.724,2.786,2.959,22.066,1.5837,1.2224,1.7579,Warm
IMG_00297,Deep,98.035,68.954,35.275,98.492,68.42,34.194,6.806,8.91,9.524,12.288,94.908,76.194,29.88,14.06,15.358,2.614,2.043,2.171,-52.645,1.0923,1.4217,2.7791,Warm
IMG_00169,Medium,160.221,133.044,90.008,161.843,133.382,90.292,6.741,9.553,4.662,14.724,119.647,145.198,56.94,11.825,19.101,2.331,2.314,1.986,19.968,1.6153,1.2043,1.7801,Warm
IMG_00868,Medium,173.647,133.205,102.553,173.233,132.677,101.583,5.378,3.971,8.535,10.427,59.628,153.118,60.046,12.846,14.225,3.854,3.111,1.457,35.232,1.1074,1.3036,1.6932,Cool
IMG_00935,Medium,179.719,145.23,96.448,175.984,145.489,97.847,8.298,3.63,10.652,14.497,66.477,155.04,60.8,14.686,18.314,5.379,1.799,2.803,30.528,1.247,1.2375,1.8634,Neutral
IMG_01058,Tan,146.977,101.234,68.115,145.544,101.282,66.844,10.731,3.747,10.811,13.793,75.96,115.693,45.37,15.722,14.089,4.593,2.195,2.833,-18.193,0.8962,1.4519,2.1578,Neutral
IMG_00052,Tan,129.877,100.686,63.356,132.032,101.029,63.757,4.732,9.642,5.492,14.785,106.393,110.43,43.306,11.669,20.143,2.518,3.244,3.685,-18.384,1.7262,1.2899,2.05,Warm
IMG_00266,Fair,224.797,190.282,138.067,225.781,189.201,136.91,4.9,8.651,5.563,14.49,69.212,206.515,80.986,12.164,20.968,4.556,1.984,3.794,55.914,1.7238,1.1814,1.6282,Warm
IMG_00197,Fair,217.072,183.532,118.134,219.354,183.826,118.268,6.728,9.921,6.549,20.293,81.084,196.314,76.986,13.67,25.714,2.573,2.844,1.963,46.382,1.8811,1.1827,1.8375,Warm
IMG_00902,Deep,115.61,88.121,52.161,118.999,89.742,53.257,8.012,5.234,8.639,9.791,94.035,97.928,38.403,12.88,15.119,4.817,2.023,3.491,-37.489,1.1738,1.3119,2.2164,Neutral
IMG_00033,Deep,133.195,100.811,46.454,136.535,98.878,46.275,5.939,4.304,8.08,14.324,84.838,107.597,42.195,17.063,21.208,3.155,2.537,1.601,-20.205,1.2429,1.3212,2.8673,Warm
IMG_00923,Fair,220.06,178.352,133.59,217.969,175.741,133.222,7.546,6.083,8.523,12.216,85.734,199.754,78.335,15.243,19.284,5.753,1.397,2.051,55.762,1.2651,1.2339,1.6473,Neutral
IMG_00553,Tan,150.792,110.6,84.947,150.427,112.993,84.599,9.721,7.977,8.478,9.418,79.326,126.594,49.645,14.766,11.541,3.657,1.302,3.24,-1.764,0.7816,1.3634,1.7751,Cool
IMG_00904,Fair,231.819,190.847,136.387,231.581,191.668,136.549,4.097,5.517,3.569,13.85,103.213,207.986,81.563,14.14,20.519,2.92,2.165,1.516,56.972,1.4512,1.2147,1.6997,Neutral
IMG_01252,Medium,171.089,131.591,103.687,170.954,132.418,103.512,8.166,9.216,9.885,10.614,75.198,151.191,59.291,16.921,12.553,2.942,2.579,3.425,36.505,0.7419,1.3002,1.6501,Neutral
IMG_00164,Medium,178.224,150.524,99.504,176.545,151.275,100.566,11.425,10.004,6.064,15.227,123.141,158.922,62.322,13.819,20.546,4.111,1.687,3.789,30.953,1.4868,1.184,1.7911,Warm
IMG_00886,Medium,166.594,117.473,111.76,167.783,117.905,112.259,6.358,7.356,8.206,7.468,75.397,141.955,55.669,15.651,4.858,3.925,3.103,3.365,49.404,0.3104,1.4181,1.4906,Cool
IMG_00221,Medium,171.923,142.216,98.63,170.562,143.692,101.295,10.87,9.501,9.235,15.001,112.824,155.315,60.908,11.897,19.643,2.587,2.788,3.657,29.044,1.6511,1.2089,1.7431,Warm
IMG_00940,Deep,109.462,70.236,38.882,108.533,70.53,39.918,6.203,3.623,7.645,12.809,49.812,80.588,31.603,15.159,17.61,4.314,2.181,1.388,-46.252,1.1617,1.5585,2.8152,Neutral
IMG_00619,Deep,117.699,64.333,47.331,116.728,65.033,46.242,11.41,9.205,5.924,4.256,92.212,80.672,31.636,19.091,8.93,5.929,2.83,1.362,-64.068,0.4678,1.8295,2.4868,Cool
IMG_00102,Medium,177.442,139.62,92.589,179.023,141.177,92.561,9.682,5.7,7.034,16.428,88.643,152.827,59.932,14.775,21.109,5.287,2.256,2.13,25.198,1.4287,1.2709,1.9164,Warm
IMG_00276,Fair,228.123,181.827,133.314,227.763,180.751,133.577,9.014,4.523,9.673,19.065,110.108,203.571,79.832,14.403,21.309,2.94,2.7,2.254,54.462,1.4795,1.2546,1.7112,Warm
IMG_00722,Tan,130.471,92.207,66.467,130.527,92.669,63.218,4.941,4.731,9.31,8.045,80.601,109.005,42.747,15.117,13.017,4.055,1.224,2.951,-29.127,0.861,1.415,1.9629,Cool
IMG_00731,Tan,163.439,109.41,84.068,161.14,108.174,84.232,11.183,4.547,9.695,7.585,60.878,130.559,51.2,18.535,11.567,3.165,3.06,3.593,5.921,0.6241,1.4938,1.9441,Cool
IMG_01308,Medium,189.952,136.965,100.56,190.464,138.144,101.731,11.065,4.541,10.521,8.18,73.971,158.75,62.255,18.268,18.613,3.402,2.073,2.403,33.362,1.0189,1.3869,1.8889,Neutral
IMG_00890,Tan,139.932,92.879,71.283,139.962,92.902,69.462,6.011,9.952,10.445,9.363,94.191,110.7,43.412,17.094,11.77,5.195,3.458,3.297,-29.237,0.6886,1.5066,1.963,Cool
IMG_00428,Medium,188.898,156.733,113.242,187.072,157.895,113.721,6.196,9.269,3.54,10.971,80.913,171.893,67.409,10.043,18.562,4.259,1.98,2.039,43.164,1.8483,1.2052,1.6681,Warm
IMG_01042,Medium,182.026,127.781,102.47,182.389,129.848,104.254,5.603,5.223,10.647,12.491,94.378,151.329,59.345,17.718,15.391,2.541,1.64,2.293,31.264,0.8687,1.4245,1.7764,Neutral
IMG_00375,Fair,202.206,169.67,107.359,200.958,169.651,108.536,7.516,3.971,6.985,13.934,78.244,178.388,69.956,12.63,26.692,5.283,2.613,3.364,36.783,2.1135,1.1918,1.8835,Warm
IMG_00209,Tan,137.517,100.463,63.452,136.806,100.745,61.993,5.479,3.917,8.033,17.269,70.807,106.88,41.914,17.343,18.983,5.055,2.404,1.79,-23.074,1.0945,1.3688,2.1672,Warm
IMG_00193,Tan,151.231,120.111,72.007,151.957,121.45,73.271,6.165,4.069,10.944,18.601,103.672,127.668,50.066,15.641,18.567,2.625,3.473,3.741,0.204,1.1871,1.2591,2.1002,Warm
IMG_00716,Medium,182.73,137.557,108.152,181.375,139.567,107.919,6.841,6.97,10.027,9.053,63.755,154.698,60.666,16.22,11.705,5.103,1.393,3.515,42.34,0.7217,1.3284,1.6896,Cool
IMG_01025,Medium,180.817,144.962,107.186,182.727,143.985,107.591,4.603,3.843,9.782,10.832,115.884,159.59,62.584,12.376,16.369,3.959,3.074,2.014,37.553,1.3226,1.2473,1.6869,Neutral
IMG_01219,Tan,136.018,98.992,70.131,134.931,99.04,69.535,10.28,4.152,10.119,16.487,89.439,118.279,46.384,11.508,14.973,4.683,3.213,3.786,-13.577,1.3011,1.374,1.9395,Neutral
IMG_00064,Tan,170.546,125.271,90.229,172.202,125.24,91.637,9.865,4.421,8.869,15.62,110.906,142.818,56.007,15.873,19.884,5.636,1.613,1.818,16.809,1.2527,1.3614,1.8901,Warm
IMG_01106,Fair,216.195,174.603,127.748,216.924,173.575,126.602,8.567,9.407,10.405,11.817,70.202,193.034,75.7,15.151,18.75,3.943,2.671,1.208,53.886,1.2375,1.2382,1.6924,Neutral
IMG_00941,Fair,221.814,158.659,122.431,222.542,160.215,122.489,6.74,10.126,4.038,10.771,95.086,182.912,71.73,22.355,17.02,3.945,2.573,1.844,51.93,0.7613,1.3981,1.8118,Neutral
IMG_00582,Medium,192.472,139.515,115.413,191.86,139.737,118.294,4.547,3.588,10.237,10.538,61.251,163.666,64.183,16.074,12.787,4.325,2.009,1.805,47.963,0.7955,1.3796,1.6677,Cool
IMG_00883,Tan,145.527,95.415,83.972,146.791,96.744,82.646,8.056,4.55,5.973,7.146,85.341,113.855,44.649,17.986,8.433,2.548,2.867,1.617,-32.397,0.4688,1.5252,1.733,Cool
IMG_00045,Tan,143.226,111.653,62.093,141.505,112.35,60.264,7.065,7.132,3.852,19.455,76.932,117.615,46.123,14.659,23.241,2.665,2.897,1.415,-9.47,1.5854,1.2828,2.3066,Warm
IMG_00629,Fair,214.403,173.226,147.256,217.904,173.801,147.279,10.8,10.472,7.311,9.451,69.947,194.01,76.082,13.777,11.554,3.381,1.628,1.212,66.108,0.8386,1.2377,1.456,Cool
IMG_00219,Fair,226.882,185.255,133.224,227.519,187.202,133.25,10.127,8.342,10.742,12.276,105.075,202.886,79.563,15.229,19.848,3.574,1.501,2.946,56.123,1.3033,1.2247,1.703,Warm
IMG_00848,Tan,132.674,92.416,76.498,131.92,89.822,75.992,10.306,8.507,9.956,7.961,75.662,111.377,43.677,15.53,9.329,2.038,3.423,2.088,-34.128,0.6007,1.4356,1.7344,Cool
IMG_01071,Fair,214.423,168.987,142.312,212.962,170.421,140.6,8.141,7.644,9.266,13.834,68.691,194.135,76.131,15.469,14.532,2.361,2.987,2.664,60.921,0.9394,1.2689,1.5067,Neutral
IMG_00910,Medium,178.291,131.979,100.128,177.984,131.595,99.48,6.316,9.731,4.797,13.835,63.244,147.436,57.818,17.746,12.907,5.691,2.402,3.06,31.205,0.7273,1.3509,1.7806,Neutral
IMG_00459,Fair,216.709,164.615,141.117,217.215,165.584,141.256,7.948,4.938,9.029,9.265,81.995,190.846,74.842,17.064,11.086,4.799,1.766,3.549,65.951,0.6496,1.3165,1.5357,Cool
IMG_00465,Tan,165.93,118.18,105.12,164.572,119.245,106.337,10.263,8.724,8.035,9.045,71.027,140.737,55.191,16.409,9.837,4.745,1.242,2.011,27.821,0.5995,1.404,1.5785,Cool
IMG_00255,Fair,196.954,165.782,122.472,197.971,165.958,122.087,6.532,4.109,5.774,16.329,91.306,186.045,72.959,10.043,19.352,5.866,3.373,2.071,49.872,1.927,1.188,1.6082,Warm
IMG_01095,Medium,171.058,128.146,92.289,172.948,129.899,93.703,10.119,6.996,8.942,9.706,92.268,149.252,58.53,15.173,16.096,4.021,2.564,3.178,27.921,1.0608,1.3349,1.8535,Neutral
IMG_00528,Fair,240.918,177.689,146.969,240.638,177.937,146.682,6.946,3.819,5.752,7.654,73.961,203.221,79.694,17.894,13.518,4.124,2.139,1.912,65.523,0.7555,1.3558,1.6392,Cool
IMG_00433,Deep,97.176,82.793,38.176,96.318,81.96,38.669,8.377,3.785,5.863,15.156,105.441,80.729,31.658,9.865,17.823,4.302,3.386,3.434,-45.822,1.8067,1.1737,2.5455,Warm
IMG_00800,Tan,145.306,103.62,82.783,146.597,103.809,82.865,10.451,8.137,5.958,12.269,94.667,117.996,46.273,15.545,11.694,3.504,3.263,1.245,-17.677,0.7523,1.4023,1.7553,Cool
IMG_01040,Deep,100.509,73.556,34.948,101.743,72.695,35.741,4.391,9.819,7.123,12.717,79.873,79.132,31.032,14.062,17.054,3.124,2.848,3.503,-48.041,1.2128,1.3664,2.8759,Neutral
IMG_00803,Fair,223.005,175.848,142.97,223.552,176.052,139.44,11.731,6.041,3.967,9.781,77.157,200.384,78.582,16.746,11.746,5.59,1.287,3.677,67.66,0.7014,1.2682,1.5598,Cool
IMG_01066,Medium,177.88,145.842,99.659,179.812,144.409,100.854,10.365,3.758,8.51,11.246,63.876,159.4,62.51,13.666,17.984,4.599,3.364,3.055,34.822,1.316,1.2197,1.7849,Neutral
IMG_01255,Medium,169.708,130.992,99.334,169.6,127.455,101.079,5.706,5.873,7.348,8.651,82.078,144.664,56.731,13.551,14.592,4.551,2.449,2.43,24.762,1.0769,1.2956,1.7085,Neutral
IMG_00507,Medium,186.839,141.68,118.763,185.14,140.034,118.683,8.202,4.958,7.435,5.337,93.234,163.517,64.124,17.251,10.782,4.22,2.908,1.772,52.644,0.625,1.3187,1.5732,Cool
IMG_00421,Fair,197.141,168.815,112.584,198.691,167.274,113.398,10.143,3.784,4.422,15.69,92.574,181.408,71.14,13.543,25.164,2.812,2.124,3.399,40.034,1.8581,1.1678,1.751,Warm
IMG_01234,Medium,175.033,128.024,104.817,175.805,128.119,104.645,10.682,9.685,6.621,9.73,72.999,152.581,59.836,13.798,13.847,3.384,1.333,3.619,35.387,1.0036,1.3672,1.6699,Neutral
IMG_01117,Fair,208.863,175.685,129.566,211.883,174.864,127.387,11.203,6.812,9.93,11.02,125.572,193.579,75.913,10.169,15.904,5.709,1.413,1.449,58.461,1.564,1.1888,1.612,Neutral
IMG_00717,Fair,210.711,149.878,131.352,209.995,149.914,130.634,11.561,10.032,5.191,7.898,74.205,180.666,70.849,19.053,11.512,4.458,1.264,3.623,61.095,0.6042,1.4059,1.6042,Cool
IMG_01028,Tan,149.964,103.607,73.647,152.292,104.665,74.327,6.811,9.736,4.11,10.826,67.942,117.765,46.182,15.128,15.754,3.865,2.984,1.358,-13.622,1.0414,1.4474,2.0363,Neutral
IMG_00480,Tan,131.534,93.948,76.247,132.5,93.624,74.579,8.029,9.758,10.523,4.39,87.118,110.378,43.285,12.27,11.26,5.229,2.662,1.99,-30.81,0.9177,1.4001,1.7251,Cool
IMG_00416,Medium,187.928,132.704,100.333,189.96,135.024,100.641,4.542,8.565,9.545,13.535,81.412,156.583,61.405,19.066,17.928,3.158,2.727,2.309,32.463,0.9403,1.4161,1.8731,Warm
IMG_00439,Tan,145.557,115.13,68.97,145.908,116.783,68.957,10.843,3.723,4.071,16.634,85.254,126.52,49.616,13.246,20.265,3.096,1.66,1.803,-1.087,1.5299,1.2643,2.1104,Warm
IMG_00680,Tan,173.011,123.951,97.512,171.834,123.177,96.636,4.673,4.769,7.068,9.771,92.411,142.409,55.847,15.404,13.153,4.614,1.535,1.682,23.966,0.8539,1.3958,1.7743,Cool
IMG_00611,Tan,169.328,124.169,95.183,169.478,123.965,95.085,6.589,6.869,7.975,3.103,82.374,143.176,56.147,16.646,15.438,3.149,2.563,1.974,21.713,0.9275,1.3637,1.779,Cool
IMG_00778,Fair,209.628,145.24,125.309,209.679,145.357,124.998,4.586,7.699,7.449,3.929,51.688,175.644,68.88,20.9,13.303,4.065,3.208,1.734,54.831,0.6365,1.4433,1.6729,Cool
IMG_00728,Fair,212.144,158.046,130.333,213.115,158.032,130.861,4.405,9.748,5.203,8.867,74.608,180.198,70.666,18.884,12.612,4.214,2.682,1.638,58.605,0.6679,1.3423,1.6277,Cool
IMG_01051,Tan,173.649,129.494,93.73,172.301,129.139,91.445,5.009,6.922,7.414,10.542,78.482,144.325,56.598,13.326,18.679,2.808,3.352,1.791,19.456,1.4017,1.341,1.8526,Neutral
IMG_00824,Fair,198.268,153.923,124.264,199.306,155.012,125.572,9.864,7.772,4.775,11.524,80.308,177.465,69.594,16.316,12.372,5.621,1.661,3.773,57.731,0.7583,1.2881,1.5955,Cool
IMG_01326,Fair,209.712,162.181,123.336,208.92,162.851,124.25,8.419,10.416,9.45,15.269,81.512,184.682,72.424,16.52,17.373,3.522,2.524,2.821,52.233,1.0516,1.2931,1.7003,Neutral
IMG_00561,Medium,164.681,116.103,90.586,164.876,114.946,90.078,8.063,9.171,9.793,5.481,86.897,137.078,53.756,15.742,11.426,5.639,2.371,3.005,18.197,0.7258,1.4184,1.8179,Cool
IMG_00185,Tan,128.79,99.667,63.261,127.35,99.316,63.444,4.561,6.267,4.863,15.365,75.753,106.474,41.755,16.536,17.677,2.627,3.103,1.309,-25.006,1.069,1.2922,2.0359,Warm
IMG_00248,Tan,149.91,103.623,78.069,149.445,103.486,78.335,5.07,10.048,9.136,18.885,90.962,118.711,46.553,17.193,14.445,5.765,2.756,2.145,-13.42,0.8402,1.4467,1.9202,Warm
IMG_00568,Medium,191.479,137.937,113.643,192.247,136.033,113.394,4.788,10.356,5.72,8.425,91.229,162.781,63.836,16.655,11.758,5.484,1.209,1.255,49.641,0.706,1.3882,1.6849,Cool
IMG_00066,Tan,139.632,116.252,72.608,142.124,116.166,72.564,10.753,9.14,7.89,19.302,110.304,124.993,49.017,10.076,18.351,5.473,1.673,1.491,-3.067,1.8213,1.2011,1.9231,Warm
IMG_01158,Medium,190.584,149.899,102.487,192.958,149.343,102.973,11.589,4.755,8.563,10.656,99.818,163.08,63.953,17.61,18.918,4.306,1.597,1.372,36.41,1.0743,1.2714,1.8596,Neutral
IMG_00789,Medium,188.097,121.34,103.0,187.692,121.182,103.126,8.207,5.125,3.857,10.855,114.678,150.54,59.035,20.67,13.714,4.29,1.972,1.673,33.379,0.6635,1.5502,1.8262,Cool
IMG_00354,Fair,186.818,164.652,109.206,184.808,163.328,110.191,9.199,3.673,9.577,16.074,99.835,174.228,68.325,10.75,20.303,4.146,1.84,1.36,42.068,1.8886,1.1346,1.7107,Warm
IMG_00310,Fair,212.016,170.452,114.013,212.071,170.404,112.328,8.225,4.388,7.944,16.546,96.406,186.09,72.977,15.763,22.592,3.93,2.632,1.226,45.483,1.4332,1.2438,1.8596,Warm
IMG_00245,Medium,173.854,139.134,95.428,174.902,139.098,96.541,9.046,6.69,7.115,15.281,100.05,152.732,59.895,11.705,20.835,5.031,1.848,2.027,25.403,1.7801,1.2495,1.8218,Warm
IMG_00918,Medium,181.636,139.597,104.795,181.27,142.305,104.988,4.605,5.505,4.161,13.086,85.589,158.005,61.963,15.416,15.883,5.438,2.559,3.545,36.986,1.0303,1.3011,1.7332,Neutral
IMG_00579,Fair,241.187,186.381,164.218,240.948,186.457,163.685,10.818,7.71,10.706,5.634,99.543,219.966,86.261,15.366,11.015,4.681,1.603,2.432,73.103,0.7168,1.2941,1.4687,Cool
IMG_00909,Medium,155.409,122.465,96.757,155.805,122.42,95.54,4.262,5.228,10.848,11.435,89.431,140.07,54.929,12.202,12.035,5.315,2.57,3.616,22.274,0.9863,1.269,1.6062,Neutral
IMG_00866,Medium,186.078,131.913,106.874,185.378,132.268,106.169,4.431,7.513,8.664,12.158,88.636,154.264,60.496,16.936,11.013,3.305,2.611,1.336,43.621,0.6503,1.4106,1.7411,Cool
IMG_01084,Tan,159.136,112.497,84.969,157.29,110.994,84.744,6.859,8.925,8.387,11.28,92.182,132.046,51.783,14.161,16.355,2.938,1.536,2.836,6.222,1.1549,1.4146,1.8729,Neutral
IMG_00059,Tan,135.987,108.411,55.138,135.226,109.606,54.806,7.442,4.904,7.187,17.081,76.447,112.767,44.223,14.211,22.161,2.257,2.539,1.899,-14.612,1.5594,1.2544,2.4663,Warm
IMG_00414,Fair,186.328,158.585,107.751,186.997,158.377,107.228,6.018,9.175,10.604,15.995,85.215,167.108,65.533,9.178,17.04,2.544,2.345,1.757,42.351,1.8566,1.1749,1.7292,Warm
IMG_01233,Fair,204.409,167.76,125.728,204.793,168.394,127.691,5.369,6.34,6.764,13.416,61.429,182.861,71.71,14.156,19.715,5.93,3.153,3.109,47.758,1.3927,1.2185,1.6258,Neutral
IMG_00238,Fair,236.274,191.937,145.687,236.203,193.089,146.242,8.2,8.451,5.391,12.702,93.347,212.404,83.296,15.721,20.051,3.787,1.484,1.736,58.943,1.2755,1.231,1.6218,Warm
IMG_00651,Fair,248.919,186.694,154.071,248.733,186.894,151.61,9.502,6.799,10.073,8.611,59.603,217.446,85.273,20.608,12.951,3.775,1.855,3.53,69.838,0.6285,1.3333,1.6156,Cool
IMG_00024,Medium,163.095,130.554,81.506,163.685,131.969,80.943,11.287,9.258,10.623,16.752,128.771,141.728,55.58,11.83,20.322,4.903,2.611,2.287,15.353,1.7179,1.2492,2.001,Warm
IMG_00679,Medium,191.411,132.74,112.162,193.11,133.965,111.452,5.631,4.809,7.168,3.156,60.457,161.017,63.144,19.121,11.792,5.192,2.509,3.522,48.104,0.6167,1.442,1.7066,Cool
IMG_00345,Fair,212.425,169.844,119.409,213.84,172.247,119.751,10.357,6.694,4.781,13.534,84.621,192.091,75.33,14.619,21.668,3.069,2.371,1.583,49.455,1.4822,1.2507,1.779,Warm
IMG_00702,Medium,178.999,117.167,99.197,178.697,118.979,95.637,11.41,5.972,6.94,14.065,85.894,141.152,55.354,20.935,10.561,5.926,1.658,1.37,26.883,0.5045,1.5277,1.8045,Cool
IMG_00590,Medium,179.72,125.03,109.488,180.11,120.323,109.828,4.511,8.503,7.455,7.683,71.182,152.528,59.815,19.134,10.449,5.603,1.92,2.693,43.208,0.5461,1.4374,1.6415,Cool
IMG_00847,Fair,222.736,177.499,143.332,221.614,178.35,142.764,5.839,9.221,5.262,4.271,78.728,200.479,78.619,16.307,14.307,4.707,2.191,1.498,63.439,0.8773,1.2549,1.554,Cool
IMG_00713,Tan,145.462,98.829,74.913,144.194,99.423,75.073,10.838,10.075,7.85,6.395,102.791,113.474,44.5,19.39,13.733,2.95,2.117,3.172,-21.828,0.7083,1.4719,1.9417,Cool
IMG_00430,Tan,147.387,130.063,71.638,147.199,130.229,69.375,10.544,7.614,5.391,17.61,117.581,128.64,50.447,10.481,22.486,2.815,1.983,2.439,1.139,2.1453,1.1332,2.0574,Warm
IMG_00669,Fair,237.41,180.121,162.347,238.663,179.384,162.62,11.877,8.893,10.745,9.126,79.552,211.671,83.008,14.593,9.752,4.057,2.289,3.164,73.541,0.6682,1.3181,1.4624,Cool
IMG_00779,Medium,182.262,143.435,119.877,182.24,141.725,119.523,10.366,6.513,6.904,4.985,34.248,165.111,64.749,13.376,11.148,5.517,3.261,1.821,52.916,0.8335,1.2707,1.5204,Cool
IMG_00875,Fair,199.985,139.755,118.271,200.299,139.801,117.536,8.826,6.128,6.149,11.988,68.106,167.901,65.844,18.794,12.294,5.308,1.222,3.275,52.19,0.6541,1.431,1.6909,Cool
IMG_00307,Tan,137.259,113.189,68.242,137.627,113.192,67.411,7.168,4.894,6.686,17.629,97.33,120.139,47.113,14.129,18.455,3.542,3.305,3.181,-8.89,1.3062,1.2127,2.0114,Warm
IMG_00222,Medium,179.041,138.315,100.668,179.749,136.943,101.652,11.566,5.69,9.939,16.821,100.623,155.64,61.035,12.708,18.563,2.527,2.822,3.129,30.731,1.4607,1.2944,1.7785,Warm
IMG_01187,Fair,207.777,179.585,130.399,207.465,180.664,129.088,11.798,7.745,8.911,12.484,84.674,195.181,76.542,12.333,16.911,2.352,2.644,2.38,57.496,1.3712,1.157,1.5934,Neutral
IMG_00082,Fair,206.123,174.499,120.967,204.341,173.095,118.805,8.216,6.483,4.48,16.353,95.055,185.69,72.82,12.646,21.752,5.546,2.235,1.706,46.373,1.72,1.1812,1.704,Warm
IMG_01128,Fair,212.699,171.963,125.978,212.604,172.894,124.678,6.474,3.92,5.27,11.265,91.935,189.215,74.202,15.083,18.3,3.063,3.487,1.812,52.905,1.2133,1.2369,1.6884,Neutral
IMG_00462,Medium,176.249,115.31,98.194,177.094,112.828,98.302,7.643,8.387,6.41,3.984,86.319,139.854,54.845,19.954,12.422,2.64,2.116,2.708,21.306,0.6225,1.5285,1.7949,Cool
IMG_00351,Medium,175.424,133.734,95.802,176.443,132.204,96.617,10.893,10.095,7.389,14.643,80.873,151.566,59.437,13.904,18.818,3.409,1.738,1.329,26.634,1.3535,1.3117,1.8311,Warm
IMG_00479,Deep,112.522,73.127,61.267,113.351,70.133,58.028,4.008,8.8,10.889,6.745,104.501,90.178,35.364,12.834,9.238,5.24,2.258,3.55,-57.741,0.7198,1.5387,1.8366,Cool
IMG_01258,Fair,227.533,176.878,133.015,227.523,175.982,131.071,11.806,5.947,5.437,11.492,76.251,201.098,78.862,16.342,20.047,2.89,1.565,3.798,55.217,1.2267,1.2864,1.7106,Neutral
IMG_01231,Fair,201.426,164.74,127.408,201.647,164.488,127.408,10.953,3.773,4.592,11.925,89.972,185.187,72.622,14.052,17.232,3.29,1.995,3.404,52.703,1.2262,1.2227,1.5809,Neutral
IMG_00808,Fair,228.709,174.559,145.403,229.105,173.81,145.071,11.426,9.079,8.07,7.682,95.624,205.338,80.525,18.618,15.119,2.463,1.87,3.719,63.651,0.812,1.3102,1.5729,Cool
IMG_00788,Medium,187.005,130.165,107.485,186.498,130.707,106.121,7.039,9.137,8.398,10.574,74.063,156.039,61.192,19.75,12.901,3.747,2.7,1.337,40.942,0.6532,1.4367,1.7398,Cool
IMG_00535,Fair,203.42,156.445,132.372,205.474,155.671,134.043,7.53,3.959,6.511,11.163,73.266,182.19,71.447,16.38,14.515,5.059,3.305,2.275,55.91,0.8862,1.3003,1.5367,Cool
IMG_01056,Fair,219.217,181.838,132.479,221.404,182.603,132.682,9.206,9.192,6.757,12.528,80.08,197.499,77.451,13.753,19.708,2.498,3.362,2.618,54.324,1.433,1.2056,1.6547,Neutral
IMG_00504,Medium,179.228,121.442,94.045,179.078,120.277,92.422,10.802,6.538,10.464,8.164,106.607,143.426,56.246,21.719,15.15,4.361,2.649,3.398,22.404,0.6975,1.4758,1.9058,Cool
IMG_00945,Medium,190.22,146.103,112.209,189.183,147.209,113.052,10.807,4.586,3.614,9.661,91.505,163.496,64.116,16.59,16.93,4.761,1.426,1.5,39.821,1.0205,1.302,1.6952,Neutral
IMG_00819,Fair,227.086,175.651,149.633,225.734,176.428,151.295,4.729,7.58,8.088,8.195,83.244,203.025,79.618,17.377,13.655,4.915,2.951,3.204,65.249,0.7858,1.2928,1.5176,Cool
IMG_01280,Medium,173.413,132.636,106.006,173.759,131.516,104.754,8.408,4.278,9.572,12.414,88.791,147.778,57.952,12.658,12.511,5.042,3.087,1.695,32.44,0.9884,1.3074,1.6359,Neutral
IMG_00176,Fair,200.994,167.211,119.471,201.904,167.328,121.026,9.419,7.46,10.469,15.01,117.629,183.547,71.979,12.584,18.433,3.549,1.352,1.25,50.015,1.4648,1.202,1.6824,Warm
IMG_00232,Fair,210.52,177.324,124.593,210.739,178.742,125.17,10.202,5.898,8.208,15.125,73.687,192.714,75.574,12.658,21.237,2.768,1.536,3.639,50.294,1.6777,1.1872,1.6897,Warm
IMG_00262,Deep,106.011,81.694,36.483,105.882,83.734,36.001,6.635,8.354,9.247,13.52,115.302,84.525,33.147,12.6,20.667,3.216,3.067,1.964,-39.196,1.6403,1.2976,2.9058,Warm
IMG_00907,Fair,192.564,148.591,126.189,192.748,148.84,125.725,10.131,5.008,9.716,9.734,94.178,171.148,67.117,13.462,11.436,5.695,2.662,1.475,56.252,0.8495,1.2959,1.526,Neutral
IMG_01005,Medium,182.872,141.591,108.992,182.908,140.097,108.767,6.458,4.578,9.799,12.24,70.838,159.983,62.738,14.125,17.328,2.255,1.867,1.997,36.321,1.2267,1.2915,1.6778,Neutral
IMG_01054,Medium,158.173,123.171,90.611,157.547,120.984,89.306,6.807,8.882,9.975,12.825,76.758,138.821,54.44,10.848,15.109,3.459,2.409,1.505,16.375,1.3928,1.2842,1.7456,Neutral
IMG_01291,Fair,214.455,172.603,132.405,216.938,173.704,130.199,7.643,7.268,8.26,16.03,100.118,196.232,76.954,15.734,16.318,5.829,2.7,3.498,58.809,1.0371,1.2425,1.6197,Neutral
IMG_00893,Tan,137.962,84.108,75.963,140.336,82.44,76.839,5.54,4.198,9.075,9.662,90.285,104.21,40.867,18.903,8.628,5.545,2.697,1.575,-46.629,0.4565,1.6403,1.8162,Cool
IMG_00934,Fair,235.226,182.17,152.332,235.039,184.165,153.894,10.956,6.795,10.797,9.859,97.924,207.412,81.338,14.472,13.617,2.302,1.208,2.19,66.515,0.9409,1.2912,1.5442,Neutral
IMG_00278,Fair,223.378,192.041,128.113,224.318,191.305,128.349,10.744,6.621,8.814,14.754,109.969,207.172,81.244,10.911,26.551,4.927,1.6,2.139,49.642,2.4335,1.1632,1.7436,Warm
IMG_00846,Fair,234.63,172.365,145.35,233.764,173.169,144.217,11.772,10.104,5.495,11.766,68.385,201.521,79.028,17.005,14.912,2.905,3.402,2.392,62.81,0.8769,1.3612,1.6142,Cool
IMG_01140,Medium,160.636,127.491,101.524,159.11,126.356,104.12,9.484,6.773,3.918,11.169,65.955,147.402,57.805,12.189,13.621,5.674,3.455,2.321,29.813,1.1175,1.26,1.5822,Neutral
IMG_00632,Fair,215.756,161.399,137.536,215.868,161.834,136.128,4.172,8.671,10.691,5.952,98.536,185.977,72.932,16.53,10.746,5.449,1.586,2.05,64.893,0.6501,1.3368,1.5687,Cool
IMG_01115,Medium,191.382,141.255,114.411,190.831,139.207,115.992,10.281,3.715,7.894,12.89,79.982,164.478,64.501,15.445,11.643,4.378,3.336,1.945,51.239,0.7539,1.3549,1.6728,Neutral
IMG_00057,Tan,133.711,113.457,65.361,133.444,112.081,65.223,10.358,8.356,5.156,18.376,64.382,121.063,47.476,9.022,21.128,2.33,2.765,2.902,-6.813,2.3418,1.1785,2.0457,Warm
IMG_00667,Tan,153.369,98.04,84.335,152.322,96.469,84.837,5.67,10.11,3.645,14.415,76.641,120.363,47.201,19.061,10.875,5.862,1.543,3.331,-14.432,0.5705,1.5644,1.8186,Cool
IMG_01266,Medium,174.845,136.133,99.3,175.521,135.229,98.771,10.666,4.162,6.529,11.65,87.257,149.816,58.751,14.803,14.156,2.798,3.215,3.033,31.725,0.9563,1.2844,1.7608,Neutral
IMG_00576,Deep,105.763,63.265,43.835,104.147,63.024,43.349,4.192,8.85,7.857,2.022,63.683,75.155,29.473,16.191,11.675,4.502,1.319,1.749,-60.37,0.7211,1.6717,2.4128,Cool
IMG_01245,Tan,145.186,116.368,74.15,146.051,116.592,73.168,10.353,9.767,8.99,8.718,95.579,122.41,48.004,14.796,16.098,2.595,3.165,2.808,-7.068,1.088,1.2476,1.958,Neutral
IMG_00584,Deep,127.743,80.075,59.047,125.532,79.365,60.577,8.268,9.264,10.863,8.482,104.295,92.276,36.187,20.009,11.728,3.644,2.956,1.459,-49.667,0.5862,1.5953,2.1634,Cool
IMG_01111,Tan,147.672,118.309,74.537,148.518,116.913,73.786,5.339,6.667,7.331,13.083,75.927,131.613,51.613,12.926,16.226,4.127,3.086,2.545,5.677,1.2553,1.2482,1.9812,Neutral
IMG_00087,Fair,238.878,192.632,134.375,238.298,192.234,134.627,5.797,6.105,6.741,17.306,79.633,210.503,82.55,17.458,23.969,3.758,2.61,3.652,53.634,1.3729,1.2401,1.7777,Warm
IMG_00124,Medium,187.821,141.979,101.539,187.231,142.45,100.928,5.935,8.498,9.669,9.357,98.309,155.786,61.093,16.493,17.115,5.216,2.471,2.552,32.947,1.0377,1.3229,1.8497,Warm
IMG_01282,Tan,136.421,106.134,77.041,135.724,105.825,75.827,8.015,8.39,6.896,10.633,88.985,118.389,46.427,13.662,14.053,2.951,3.432,2.671,-14.264,1.0287,1.2854,1.7708,Neutral
IMG_00966,Deep,111.153,80.334,43.465,110.566,79.658,44.811,8.764,7.763,5.139,13.648,82.348,88.634,34.758,14.836,19.084,4.605,2.961,2.131,-38.614,1.2863,1.3836,2.5573,Neutral
IMG_00323,Deep,91.042,71.364,32.317,88.863,72.008,33.787,11.957,8.254,4.056,16.205,98.153,72.853,28.57,12.507,19.422,5.971,2.138,1.947,-47.814,1.5529,1.2757,2.8172,Warm
IMG_00944,Tan,151.812,104.475,81.751,153.644,104.049,80.6,9.64,4.077,6.167,13.493,99.512,124.757,48.924,15.233,15.358,3.736,1.799,1.649,-4.007,1.0082,1.4531,1.857,Neutral
IMG_01337,Tan,148.814,110.953,83.165,148.358,110.648,80.95,6.737,6.842,10.978,11.968,82.185,129.723,50.872,11.673,15.031,3.634,1.619,2.795,3.32,1.2877,1.3412,1.7894,Neutral
IMG_00614,Deep,86.6,61.995,46.681,87.692,63.806,48.023,9.702,9.674,6.284,11.798,81.867,71.276,27.952,11.008,10.83,2.301,3.404,2.331,-63.841,0.9838,1.3969,1.8552,Cool
IMG_01289,Fair,225.491,178.028,136.552,225.873,181.491,138.05,7.713,3.922,5.562,12.682,43.819,198.989,78.035,15.499,16.126,2.914,3.241,2.883,60.092,1.0405,1.2666,1.6513,Neutral
IMG_00887,Medium,192.893,136.779,128.214,193.549,138.501,128.052,6.085,10.196,9.327,7.841,61.526,166.932,65.463,16.202,8.143,5.148,2.635,3.382,62.229,0.5026,1.4103,1.5045,Cool
IMG_00853,Tan,180.601,128.738,105.206,178.498,130.9,106.259,6.974,7.826,7.816,10.862,88.51,149.818,58.752,18.798,12.961,3.577,1.905,2.258,34.03,0.6895,1.4029,1.7166,Cool
IMG_00129,Medium,151.916,125.966,80.608,153.181,125.097,80.753,8.761,3.569,6.981,13.506,91.075,137.763,54.025,13.762,16.009,5.854,2.394,2.962,14.112,1.1633,1.206,1.8846,Warm
IMG_00533,Tan,144.232,93.685,80.302,146.348,94.721,78.828,9.548,10.083,7.659,8.139,78.857,114.759,45.004,20.069,9.055,4.401,3.447,2.87,-28.889,0.4512,1.5395,1.7961,Cool
IMG_01104,Deep,81.325,49.568,22.198,82.408,47.985,22.01,4.59,9.657,5.39,11.862,66.103,54.084,21.209,16.174,13.733,2.089,1.512,2.914,-64.499,0.8491,1.6407,3.6636,Neutral
IMG_01031,Medium,185.084,133.837,103.257,182.938,134.377,102.142,9.26,5.109,4.287,12.564,86.723,158.239,62.055,15.841,16.012,2.109,1.872,2.229,36.974,1.0108,1.3829,1.7925,Neutral
IMG_01203,Fair,228.804,182.314,140.85,229.778,182.996,141.349,5.758,8.69,4.693,9.8,96.702,202.456,79.395,13.645,16.003,4.463,3.202,2.391,61.435,1.1728,1.255,1.6245,Neutral
IMG_01138,Deep,124.682,97.067,51.203,125.189,97.026,52.487,9.245,6.696,8.152,8.135,82.251,95.596,37.489,15.263,14.944,2.958,2.199,1.747,-39.937,0.9791,1.2845,2.435,Neutral
IMG_00429,Medium,174.204,134.659,108.28,174.046,133.713,105.965,9.89,7.499,4.001,18.416,95.54,150.97,59.204,14.982,13.273,2.466,2.572,1.915,34.739,0.8859,1.2937,1.6088,Warm
IMG_01164,Medium,200.768,148.501,117.546,200.394,145.47,117.7,10.744,4.726,10.282,10.436,88.345,167.756,65.787,17.871,14.578,3.763,2.865,3.317,47.279,0.8157,1.352,1.708,Neutral
IMG_00175,Tan,136.571,113.288,55.494,134.707,112.927,55.793,4.279,7.358,6.786,16.487,95.383,116.286,45.603,11.058,25.173,5.357,1.57,1.265,-9.909,2.2765,1.2055,2.461,Warm
IMG_00372,Fair,204.045,156.098,118.152,203.388,157.405,117.467,8.031,8.461,5.367,18.578,121.966,179.656,70.453,16.867,19.191,3.298,1.969,1.267,46.824,1.1378,1.3072,1.727,Warm
IMG_01151,Fair,210.308,169.48,117.755,210.126,169.887,117.712,8.586,7.745,4.767,15.646,91.678,185.016,72.555,15.017,21.062,5.431,3.341,3.215,46.96,1.4026,1.2409,1.786,Neutral
IMG_01156,Tan,144.337,103.948,71.998,146.156,102.954,72.376,9.361,6.928,6.778,9.036,88.356,119.559,46.886,14.95,15.529,3.161,2.08,2.109,-11.34,1.0388,1.3886,2.0047,Neutral
IMG_01064,Deep,119.582,75.837,52.002,119.954,77.084,51.592,5.403,8.374,10.827,9.982,119.281,89.986,35.289,16.208,13.434,5.0,1.855,2.292,-47.597,0.8289,1.5768,2.2996,Neutral
IMG_01311,Deep,106.064,68.508,42.64,105.117,68.585,40.97,10.914,10.462,4.87,12.904,99.948,77.184,30.268,15.951,13.435,3.219,2.663,3.106,-55.751,0.8422,1.5482,2.4874,Neutral
IMG_01336,Tan,153.276,116.061,86.014,153.444,117.446,85.717,8.52,6.28,5.512,7.963,65.533,129.621,50.832,15.301,13.608,5.736,2.769,2.93,3.497,0.8893,1.3207,1.782,Neutral
IMG_00807,Fair,238.821,179.518,147.225,239.282,177.18,148.748,11.737,3.993,7.035,7.668,72.64,206.821,81.106,18.722,13.823,4.193,1.414,2.181,66.041,0.7383,1.3303,1.6221,Cool
IMG_00030,Medium,160.249,138.274,89.574,161.592,137.498,88.276,4.857,6.632,7.495,19.619,90.517,143.024,56.088,10.167,23.404,2.97,1.819,2.181,14.58,2.3021,1.1589,1.789,Warm
IMG_00986,Medium,168.337,139.118,104.633,167.508,137.968,103.943,10.939,7.692,9.228,12.834,55.347,155.583,61.013,9.665,13.131,5.827,2.681,3.755,39.986,1.3587,1.21,1.6088,Neutral
IMG_00665,Medium,166.832,128.494,97.189,166.553,128.278,96.609,11.165,9.028,4.965,8.313,56.918,142.232,55.777,15.05,12.961,4.399,1.964,1.224,24.025,0.8612,1.2984,1.7166,Cool
IMG_00241,Deep,109.107,86.275,53.749,109.199,86.424,52.219,8.805,4.664,6.348,16.425,88.393,87.974,34.5,13.874,14.036,4.469,3.431,3.092,-47.838,1.0117,1.2646,2.0299,Warm
IMG_01082,Medium,171.272,142.608,104.286,170.182,143.191,103.24,7.72,8.074,7.033,13.958,76.353,158.129,62.012,11.068,16.098,2.574,2.368,3.558,36.729,1.4544,1.201,1.6423,Neutral
IMG_00032,Fair,213.302,175.887,128.962,213.242,176.488,127.789,4.896,6.285,10.771,14.697,79.448,195.262,76.573,12.069,20.408,5.462,3.079,1.871,52.476,1.691,1.2127,1.654,Warm
IMG_00364,Tan,160.378,131.809,80.597,161.001,130.472,79.84,8.642,9.828,5.901,16.957,87.908,140.374,55.049,11.746,20.006,4.681,1.632,2.824,14.163,1.7032,1.2167,1.9899,Warm
IMG_00211,Deep,133.187,99.925,61.289,131.851,102.049,58.12,5.14,6.175,7.66,17.806,65.523,108.29,42.467,14.812,17.677,2.307,1.21,2.943,-23.082,1.1934,1.3329,2.1731,Warm
IMG_00313,Medium,181.38,151.809,96.931,184.442,152.59,95.874,4.689,7.414,7.271,18.178,73.001,163.69,64.192,10.911,20.38,2.578,2.217,2.069,34.853,1.8678,1.1948,1.8712,Warm
IMG_01250,Deep,103.36,67.402,50.884,104.601,68.728,50.657,8.5,7.704,7.808,13.462,76.413,77.402,30.354,16.491,10.216,2.327,2.742,2.421,-62.527,0.6195,1.5335,2.0313,Neutral
IMG_00913,Tan,142.159,112.825,72.84,143.064,114.385,72.898,4.348,6.503,9.217,9.722,93.116,122.679,48.109,15.443,16.897,5.813,3.467,2.297,-6.384,1.0942,1.26,1.9517,Neutral
IMG_01225,Fair,212.529,175.87,125.091,213.943,175.398,125.562,6.034,3.654,10.608,12.622,112.282,191.692,75.173,15.317,18.695,2.065,3.095,1.64,53.401,1.2206,1.2084,1.699,Neutral
IMG_00353,Tan,147.805,130.261,86.2,147.868,129.276,88.07,11.207,8.219,8.25,18.622,92.759,141.91,55.651,8.718,19.783,2.398,2.59,1.514,15.942,2.2693,1.1347,1.7147,Warm
IMG_01304,Medium,182.901,145.675,97.549,184.935,146.257,98.799,11.219,5.57,3.569,13.782,91.223,157.262,61.671,15.671,17.118,2.787,1.452,2.029,34.288,1.0923,1.2555,1.875,Neutral
IMG_00071,Medium,166.706,143.378,98.711,166.403,143.848,98.485,10.119,9.191,8.886,12.628,121.017,150.917,59.183,13.456,17.343,5.822,1.242,1.709,27.901,1.2888,1.1627,1.6888,Warm
IMG_00514,Medium,173.192,106.496,91.024,173.904,105.383,92.57,11.672,7.017,10.377,4.569,75.11,133.17,52.224,21.938,10.528,4.827,2.862,1.421,11.926,0.4799,1.6263,1.9027,Cool
IMG_01092,Fair,219.551,173.146,136.857,218.74,172.425,137.305,5.274,5.264,9.387,13.354,84.36,195.153,76.531,15.657,16.649,3.735,1.664,2.893,57.891,1.0633,1.268,1.6042,Neutral
IMG_00965,Tan,157.268,118.268,86.997,157.092,118.832,86.123,5.723,7.263,9.749,9.398,87.646,134.18,52.619,15.056,17.333,3.294,1.781,1.925,8.594,1.1512,1.3298,1.8077,Neutral
IMG_00240,Fair,213.819,171.028,126.634,214.504,170.15,128.902,5.572,4.982,3.811,15.384,71.977,189.561,74.338,14.683,22.517,3.288,2.487,3.431,47.225,1.5336,1.2502,1.6885,Warm
IMG_01067,Deep,104.034,68.245,39.028,103.449,66.036,38.936,11.059,6.026,8.154,12.809,73.975,78.714,30.868,17.904,15.273,4.664,2.998,1.675,-51.399,0.8531,1.5244,2.6656,Neutral
IMG_00434,Medium,170.247,155.162,99.838,167.065,154.699,97.352,6.96,8.685,9.381,16.075,64.744,160.928,63.109,6.414,21.538,5.053,2.862,1.732,31.327,3.358,1.0972,1.7052,Warm
IMG_00595,Tan,138.074,91.229,78.816,137.334,89.908,80.683,5.692,6.254,3.981,6.049,73.598,110.515,43.339,15.674,7.345,2.905,3.024,3.291,-42.201,0.4686,1.5135,1.7519,Cool
IMG_00698,Medium,188.537,130.966,115.085,188.239,130.462,115.111,5.366,3.757,4.892,5.038,105.679,156.67,61.439,17.628,9.058,5.06,2.132,3.469,51.628,0.5138,1.4396,1.6382,Cool
IMG_00725,Medium,175.114,114.11,100.626,175.711,113.475,102.289,6.172,3.732,7.378,14.464,88.228,139.456,54.689,22.194,7.679,2.787,2.943,2.867,31.407,0.346,1.5346,1.7403,Cool
IMG_00766,Tan,121.414,84.1,70.593,122.541,83.95,71.634,5.889,6.139,7.3,7.54,88.089,101.712,39.887,13.734,9.188,4.113,3.244,2.189,-47.743,0.669,1.4437,1.7199,Cool
IMG_00573,Deep,112.196,62.739,50.011,110.191,65.247,50.041,8.615,9.484,10.807,8.477,74.307,79.499,31.176,18.417,8.363,3.758,1.339,3.148,-66.045,0.4541,1.7883,2.2434,Cool
IMG_00599,Tan,157.573,112.793,87.579,157.502,112.849,87.869,10.233,8.574,3.946,9.083,92.881,131.194,51.448,17.977,14.315,4.326,1.499,3.715,5.778,0.7963,1.397,1.7992,Cool
IMG_00468,Fair,228.958,170.255,141.479,229.696,171.958,141.831,7.318,10.012,9.387,8.294,53.252,195.52,76.674,16.19,12.605,2.8,1.501,2.957,64.708,0.7786,1.3448,1.6183,Cool
IMG_00049,Deep,108.908,69.407,42.171,107.289,70.11,43.027,6.522,7.276,9.43,17.102,76.235,78.809,30.905,15.45,14.46,3.275,2.64,3.504,-52.865,0.9359,1.5691,2.5825,Warm
IMG_01213,Tan,150.518,101.185,75.234,149.028,101.859,73.324,10.412,7.176,5.312,8.758,71.79,119.558,46.886,17.435,17.177,2.827,2.113,3.436,-10.277,0.9852,1.4875,2.0006,Neutral
IMG_00114,Fair,210.742,167.281,120.736,211.715,165.972,120.243,6.551,7.575,6.284,19.063,90.499,185.246,72.645,15.701,19.635,4.404,2.823,2.99,49.072,1.2505,1.2598,1.7455,Warm
IMG_00156,Tan,154.837,129.462,73.671,154.086,130.947,73.123,7.61,4.784,9.912,16.819,102.005,132.176,51.834,14.117,24.043,5.53,2.273,1.397,4.362,1.7031,1.196,2.1017,Warm
IMG_00821,Tan,159.708,113.217,93.289,160.237,110.146,92.649,7.394,6.947,9.923,7.408,71.096,136.833,53.66,15.64,13.136,4.093,2.034,1.844,15.569,0.8399,1.4106,1.712,Cool
IMG_00483,Fair,228.791,171.841,148.266,229.833,174.155,147.685,9.455,10.455,5.243,8.464,79.538,199.069,78.066,16.464,11.85,4.496,2.259,1.303,67.109,0.7198,1.3314,1.5431,Cool
IMG_00793,Fair,243.926,181.126,142.909,245.821,181.734,143.0,9.31,8.282,7.112,7.82,96.882,208.895,81.919,22.881,17.106,4.668,1.384,3.414,61.812,0.7476,1.3467,1.7069,Cool
IMG_01143,Fair,209.383,176.076,132.754,209.936,175.875,133.377,10.0,8.058,8.992,13.296,88.613,194.84,76.408,10.858,17.173,2.352,2.872,1.555,56.965,1.5815,1.1892,1.5772,Neutral
IMG_00482,Tan,127.447,89.739,71.417,125.388,90.025,70.408,6.557,4.673,5.472,8.2,85.135,104.445,40.959,15.563,9.283,2.143,2.82,2.48,-44.243,0.5965,1.4202,1.7845,Cool
IMG_00850,Deep,106.639,69.919,49.157,105.905,70.752,50.026,7.852,8.084,4.92,6.029,66.077,82.898,32.509,18.559,13.635,4.134,1.931,2.569,-52.062,0.7347,1.5252,2.1694,Cool
IMG_00707,Fair,209.742,155.208,125.684,209.396,155.286,125.923,7.359,4.86,6.617,10.266,81.649,182.253,71.472,17.704,14.831,3.537,2.898,3.213,55.367,0.8377,1.3514,1.6688,Cool
IMG_01340,Medium,178.219,131.757,104.769,179.744,132.672,104.074,8.62,9.465,6.423,11.898,72.203,150.94,59.192,19.93,16.616,4.065,1.225,3.253,28.952,0.8337,1.3526,1.7011,Neutral
IMG_00340,Fair,224.74,178.026,135.931,224.616,176.501,135.477,4.226,5.213,10.111,16.901,90.02,199.558,78.258,15.975,17.404,3.664,2.857,3.588,58.372,1.0894,1.2624,1.6533,Warm
IMG_01335,Fair,206.489,160.353,122.007,205.311,159.936,119.253,4.976,4.592,7.58,12.446,78.879,180.612,70.828,16.016,16.05,3.097,1.711,2.697,52.383,1.0021,1.2877,1.6924,Neutral
IMG_00199,Fair,226.695,193.104,139.304,228.397,191.198,137.637,10.809,10.203,7.743,16.609,71.645,211.416,82.908,12.055,21.189,4.058,1.396,2.627,57.224,1.7577,1.174,1.6273,Warm
IMG_01334,Fair,207.195,158.36,126.05,207.948,159.121,124.533,10.084,7.174,4.021,15.137,95.104,181.87,71.322,14.898,14.826,3.304,1.401,3.771,55.188,0.9952,1.3084,1.6438,Neutral
IMG_00701,Deep,127.171,74.154,51.892,126.033,74.301,52.043,8.749,9.141,6.706,8.091,87.352,87.038,34.132,19.978,11.816,2.454,2.198,2.389,-53.327,0.5914,1.715,2.4507,Cool
IMG_00271,Deep,98.685,73.152,23.984,99.31,72.171,23.343,6.289,7.983,5.856,18.735,107.729,70.995,27.841,14.525,22.395,5.832,1.277,2.707,-44.696,1.5419,1.349,4.1147,Warm
IMG_00631,Medium,171.399,132.809,110.607,169.067,131.962,109.464,9.394,5.853,4.773,8.815,99.879,150.665,59.084,13.588,10.189,4.323,2.312,3.095,41.719,0.7499,1.2906,1.5496,Cool
IMG_00671,Fair,232.91,170.461,151.654,233.779,169.774,150.181,9.881,5.533,5.776,3.388,87.8,200.532,78.64,17.332,9.601,5.132,1.882,2.663,71.466,0.554,1.3664,1.5358,Cool
IMG_00108,Medium,200.673,167.263,128.851,202.251,169.868,128.64,8.734,8.418,5.281,17.125,119.726,182.963,71.75,12.061,16.663,4.049,1.44,2.2,52.543,1.3816,1.1997,1.5574,Warm
IMG_01159,Fair,218.97,183.719,129.785,218.4,183.568,130.219,4.322,3.983,8.851,12.239,97.442,200.052,78.452,11.811,19.605,2.098,2.533,3.385,55.43,1.66,1.1919,1.6872,Neutral
IMG_00298,Medium,186.376,146.784,99.73,186.629,148.78,100.096,7.03,9.402,8.332,14.86,118.855,161.704,63.413,14.089,18.514,4.603,3.194,3.524,35.923,1.3141,1.2697,1.8688,Warm
IMG_01263,Tan,141.6,102.744,74.87,141.636,99.554,75.18,7.381,7.873,10.045,11.152,100.144,118.461,46.455,14.691,15.295,3.824,3.06,3.236,-13.048,1.0411,1.3782,1.8913,Neutral
IMG_01321,Medium,181.182,140.735,104.619,180.548,139.719,104.593,10.096,4.756,5.275,12.594,101.686,158.544,62.174,13.563,16.697,3.579,1.924,2.036,36.096,1.2311,1.2874,1.7318,Neutral
IMG_00371,Medium,180.088,145.463,104.085,179.073,146.523,104.64,9.299,4.608,8.661,11.882,73.882,160.752,63.04,11.902,19.681,2.513,2.178,1.843,33.527,1.6536,1.238,1.7302,Warm
IMG_00989,Tan,152.046,123.391,92.805,151.787,125.733,92.438,10.518,6.656,7.69,16.843,90.687,137.125,53.775,12.748,16.654,2.011,2.041,1.561,12.77,1.3064,1.2322,1.6383,Neutral
IMG_01011,Fair,216.651,173.898,135.313,217.217,174.455,135.194,6.205,5.812,6.608,11.575,69.55,196.235,76.955,15.518,15.45,3.735,2.146,2.51,60.18,0.9956,1.2459,1.6011,Neutral
IMG_01116,Medium,174.489,136.444,94.134,176.101,134.03,95.249,10.272,10.011,8.992,11.747,97.624,147.413,57.809,16.171,16.856,5.104,1.355,1.733,24.857,1.0423,1.2788,1.8536,Neutral
IMG_00244,Medium,155.955,131.364,80.135,155.26,129.142,81.075,10.752,5.337,6.663,16.05,69.7,139.275,54.617,12.426,21.453,2.16,2.233,2.702,12.147,1.7265,1.1872,1.9462,Warm
IMG_00378,Deep,101.273,80.783,37.554,98.288,79.876,37.987,11.045,6.39,7.531,17.825,83.63,83.381,32.699,10.363,19.101,2.197,1.205,1.836,-42.17,1.8432,1.2536,2.6967,Warm
IMG_00630,Deep,130.118,83.352,63.586,129.515,83.653,63.802,6.508,8.156,9.797,8.034,79.787,99.213,38.907,19.841,11.249,3.442,2.182,3.753,-44.6,0.567,1.5611,2.0463,Cool
IMG_01175,Tan,146.22,118.092,80.072,146.411,116.869,79.22,7.374,8.614,8.931,13.054,91.455,126.624,49.656,13.037,17.386,4.526,3.031,2.367,-1.132,1.3336,1.2382,1.8261,Neutral
IMG_01281,Medium,173.868,135.926,100.797,173.641,136.172,100.108,4.288,4.097,8.788,10.443,97.519,152.413,59.77,12.835,14.731,4.942,3.072,2.433,33.553,1.1477,1.2791,1.7249,Neutral
IMG_00436,Tan,155.458,119.415,81.252,156.282,119.317,82.442,8.32,6.727,5.944,16.692,88.539,133.223,52.244,12.588,17.869,3.903,2.586,3.764,7.159,1.4195,1.3018,1.9133,Warm
IMG_00723,Fair,222.973,173.34,142.321,222.909,171.672,143.886,11.303,4.916,7.572,7.057,67.149,198.176,77.716,17.303,12.224,4.548,2.4,2.329,66.201,0.7064,1.2863,1.5667,Cool
IMG_00055,Medium,171.875,139.458,83.912,172.195,138.976,84.557,11.849,7.923,5.449,16.881,90.937,148.517,58.242,14.589,21.205,4.536,2.442,3.228,21.24,1.4535,1.2325,2.0483,Warm
IMG_00383,Fair,215.56,186.413,118.625,215.553,187.584,119.109,5.77,8.24,9.292,14.479,110.501,195.247,76.567,15.212,24.879,3.893,2.621,2.386,46.879,1.6356,1.1564,1.8171,Warm
IMG_00756,Deep,97.026,59.788,45.724,96.116,60.398,43.815,11.464,8.79,9.423,5.852,68.407,73.519,28.831,14.4,8.043,2.419,3.124,2.261,-69.196,0.5586,1.6228,2.122,Cool
IMG_00110,Medium,163.256,136.137,92.74,164.062,138.419,92.667,4.697,7.819,4.354,16.702,119.128,148.722,58.322,12.82,18.285,3.381,2.367,3.473,24.472,1.4263,1.1992,1.7604,Warm
IMG_01041,Medium,176.809,148.047,105.149,178.203,149.318,103.335,9.317,7.43,9.926,13.293,105.786,157.719,61.851,14.092,17.139,4.439,3.288,2.714,34.661,1.2162,1.1943,1.6815,Neutral
IMG_00549,Deep,98.528,61.481,44.325,97.979,60.321,43.954,11.995,5.658,10.134,11.637,69.576,76.348,29.94,13.039,10.333,4.705,1.984,2.613,-62.746,0.7924,1.6026,2.2228,Cool
IMG_01343,Fair,208.42,176.346,132.652,209.358,175.013,133.285,6.796,6.821,5.684,7.998,78.61,194.747,76.371,11.298,15.951,4.786,3.142,1.944,58.832,1.4119,1.1819,1.5712,Neutral
IMG_01204,Deep,96.332,66.829,35.892,93.194,63.378,35.018,8.523,8.439,3.854,11.252,77.285,75.703,29.687,12.231,14.403,2.322,1.34,2.3,-54.66,1.1776,1.4415,2.6839,Neutral
IMG_00775,Medium,186.0,148.029,121.485,184.906,149.001,122.614,11.316,3.753,5.327,9.8,73.962,167.786,65.798,13.625,8.194,2.775,2.355,2.317,62.586,0.6014,1.2565,1.5311,Cool
IMG_00574,Medium,166.802,116.466,83.626,167.132,116.717,83.572,8.988,6.004,9.833,8.302,96.704,135.526,53.147,17.879,14.848,3.813,2.871,1.448,11.968,0.8304,1.4322,1.9946,Cool
IMG_01296,Fair,214.716,183.242,128.014,214.181,182.787,127.813,8.748,8.95,5.843,10.089,82.452,196.511,77.063,11.258,19.112,2.103,1.693,2.974,54.77,1.6976,1.1718,1.6773,Neutral
IMG_00971,Medium,196.445,138.874,95.896,195.342,137.698,94.57,10.763,7.765,8.071,12.174,104.354,159.528,62.56,17.329,17.631,3.186,3.118,1.631,35.465,1.0174,1.4145,2.0485,Neutral
IMG_00984,Medium,178.218,128.986,99.048,178.391,128.649,100.847,11.053,5.804,6.552,10.101,108.485,150.3,58.941,15.599,15.526,5.625,2.941,3.752,29.937,0.9953,1.3817,1.7993,Neutral
IMG_01339,Fair,222.219,184.213,139.608,221.884,183.791,141.263,5.869,4.814,3.584,9.926,83.352,202.716,79.496,13.759,17.952,3.648,3.269,3.548,58.674,1.3047,1.2063,1.5917,Neutral
IMG_00171,Medium,189.356,141.365,105.476,188.766,141.779,105.791,10.706,6.03,9.948,14.901,125.649,168.033,65.895,13.801,17.811,3.627,1.955,2.38,41.748,1.2905,1.3395,1.7952,Warm
IMG_00287,Medium,178.131,148.639,99.831,174.412,148.793,99.166,4.583,7.888,5.399,15.739,75.487,159.699,62.627,11.384,20.847,5.215,3.081,3.745,31.203,1.8313,1.1984,1.7843,Warm
IMG_00622,Medium,161.735,128.91,104.768,162.27,129.196,103.239,7.422,7.988,10.652,8.258,75.659,144.637,56.72,15.001,11.002,5.358,2.18,2.876,31.416,0.7335,1.2546,1.5437,Cool
IMG_00210,Fair,201.256,179.094,131.494,200.804,179.282,132.722,5.163,7.04,3.965,15.719,84.909,191.388,75.054,12.449,18.367,2.285,2.52,2.672,53.756,1.4753,1.1237,1.5305,Warm
IMG_00768,Medium,171.711,120.698,92.049,173.516,120.873,91.536,7.37,9.34,7.072,6.076,69.92,138.464,54.3,16.189,10.833,5.951,2.211,2.889,21.649,0.6692,1.4227,1.8654,Cool
IMG_00141,Tan,161.834,122.424,77.156,163.104,123.549,77.916,10.457,4.867,6.09,15.837,114.574,133.436,52.328,15.69,21.726,3.342,3.451,3.427,6.115,1.3847,1.3219,2.0975,Warm
IMG_00943,Tan,142.661,118.631,80.284,141.612,116.739,78.179,10.872,8.407,3.831,9.514,69.561,125.749,49.313,11.367,15.232,2.631,1.363,1.226,-2.581,1.3399,1.2026,1.777,Neutral
IMG_01145,Medium,171.755,126.515,105.736,169.84,128.159,106.644,11.427,5.346,5.302,11.422,108.938,146.501,57.451,16.085,12.325,4.455,2.629,1.321,31.156,0.7662,1.3576,1.6244,Neutral
IMG_00200,Fair,208.95,172.42,117.322,207.66,172.68,116.091,7.222,8.208,8.616,19.121,50.219,186.971,73.322,12.119,20.646,3.261,1.506,2.844,48.483,1.7036,1.2119,1.781,Warm
IMG_00366,Deep,110.534,88.363,43.497,110.025,89.347,44.478,5.318,8.324,7.359,18.357,67.882,95.257,37.356,12.801,18.78,2.801,1.935,2.739,-33.952,1.4671,1.2509,2.5412,Warm
IMG_00399,Tan,131.495,99.195,62.337,132.116,100.715,59.895,5.061,5.134,6.9,13.878,83.266,108.309,42.474,13.986,16.02,4.068,2.956,2.363,-25.162,1.1455,1.3256,2.1094,Warm
IMG_00810,Tan,149.446,102.754,84.808,149.627,102.285,85.052,5.63,3.718,7.35,10.055,82.247,123.637,48.485,17.559,9.039,2.338,2.28,3.626,-9.514,0.5148,1.4544,1.7622,Cool
IMG_00011,Tan,135.482,105.992,70.105,135.533,105.827,69.956,8.021,7.538,7.194,14.302,110.816,113.55,44.529,13.821,15.638,2.781,2.862,1.93,-19.281,1.1315,1.2782,1.9326,Warm
IMG_00148,Medium,173.09,143.943,101.905,173.406,142.843,100.907,5.594,9.642,9.04,19.849,119.866,157.485,61.759,12.539,16.424,2.055,1.771,1.757,35.6,1.3098,1.2025,1.6985,Warm
IMG_00994,Medium,189.375,148.307,106.018,188.884,147.222,107.137,4.603,7.987,9.615,14.37,113.26,163.464,64.104,13.848,15.992,5.011,3.079,2.931,41.41,1.1548,1.2769,1.7863,Neutral
IMG_00283,Medium,183.236,142.757,95.425,184.475,144.634,94.016,11.727,4.723,8.36,10.231,72.773,157.566,61.791,14.382,21.84,2.982,2.85,3.22,28.363,1.5186,1.2835,1.9202,Warm
IMG_00299,Tan,131.79,102.615,55.246,131.349,102.284,55.025,4.145,6.302,7.624,17.941,93.65,110.792,43.448,14.302,20.608,4.478,2.726,3.374,-17.638,1.4409,1.2843,2.3855,Warm
IMG_00495,Medium,172.957,111.807,96.32,172.58,111.495,98.837,8.105,9.198,9.326,10.302,81.592,138.987,54.505,20.398,11.287,5.154,2.828,1.861,21.757,0.5534,1.5469,1.7956,Cool
IMG_00292,Medium,194.926,148.144,109.704,194.59,148.068,109.993,5.013,4.75,7.198,16.676,90.54,167.334,65.621,14.951,18.74,2.328,1.651,3.654,39.814,1.2534,1.3158,1.7768,Warm
IMG_00571,Fair,206.131,156.794,137.043,204.228,157.551,137.666,6.2,4.493,3.528,8.954,77.409,182.468,71.556,13.278,9.845,4.129,1.446,2.218,65.453,0.7414,1.3147,1.5041,Cool
IMG_00874,Fair,234.501,179.149,157.344,235.627,180.617,158.946,9.088,10.123,5.053,7.59,86.436,209.039,81.976,14.841,11.757,5.956,3.111,2.731,69.812,0.7922,1.309,1.4904,Cool
IMG_00917,Deep,125.084,84.336,56.929,126.521,84.759,55.145,9.767,10.48,5.445,9.6,59.224,94.62,37.106,16.551,14.282,4.942,2.468,2.014,-42.077,0.8629,1.4832,2.1972,Neutral
IMG_01350,Medium,168.397,127.737,97.798,166.33,127.203,95.259,6.377,4.55,5.684,8.459,75.207,146.3,57.373,12.723,13.554,4.32,3.1,2.145,28.544,1.0653,1.3183,1.7219,Neutral
IMG_00491,Medium,154.711,119.967,89.131,154.201,119.809,88.888,5.15,7.157,3.554,7.511,77.24,135.895,53.292,13.496,12.724,3.266,2.758,2.459,14.506,0.9429,1.2896,1.7358,Cool
IMG_00900,Fair,221.443,174.016,140.832,221.045,174.619,141.162,7.291,9.953,7.247,6.129,59.574,195.704,76.747,16.5,12.864,4.836,1.703,3.179,64.314,0.7796,1.2725,1.5724,Cool
IMG_00715,Fair,214.647,152.379,136.982,214.097,153.833,138.296,6.93,8.018,10.606,8.502,74.258,180.977,70.971,19.512,11.582,2.165,3.313,2.784,61.089,0.5936,1.4086,1.567,Cool
IMG_00411,Tan,176.643,128.109,83.473,176.384,129.301,83.173,5.237,6.661,6.56,11.263,77.869,139.856,54.846,18.941,20.613,4.75,1.775,2.865,13.228,1.0883,1.3788,2.1162,Warm
IMG_00136,Deep,81.007,70.457,19.037,81.956,70.474,17.892,8.513,6.01,8.425,19.123,84.192,66.176,25.951,12.071,20.879,2.962,1.641,3.587,-49.035,1.7297,1.1497,4.2552,Warm
IMG_00901,Fair,238.054,193.834,154.93,237.866,194.901,154.42,8.004,10.296,4.472,10.31,84.557,215.66,84.572,13.684,17.247,5.584,2.79,1.873,63.487,1.2604,1.2281,1.5365,Neutral
IMG_00757,Tan,157.947,104.223,86.697,157.304,103.374,86.49,6.615,9.719,3.692,7.897,73.538,125.812,49.338,17.797,10.358,3.625,1.272,2.164,-3.657,0.582,1.5155,1.8218,Cool
IMG_01150,Medium,189.996,142.805,105.741,192.456,145.63,105.038,4.437,10.169,9.444,10.295,83.789,160.528,62.952,18.245,17.264,2.596,3.458,3.116,36.878,0.9462,1.3305,1.7968,Neutral
IMG_01176,Fair,199.216,154.153,113.46,198.513,153.439,113.509,11.456,3.788,8.627,11.496,86.33,177.237,69.505,17.208,15.651,5.404,3.406,1.662,51.255,0.9095,1.2923,1.7558,Neutral
IMG_01120,Medium,176.389,141.567,105.452,176.648,140.947,105.224,7.962,10.016,10.225,12.557,119.169,156.095,61.214,13.62,13.025,3.35,2.422,3.013,40.726,0.9563,1.246,1.6727,Neutral
IMG_00600,Medium,176.056,124.411,101.486,175.041,122.896,99.192,5.668,8.855,10.609,5.914,76.247,145.678,57.129,17.317,10.23,4.867,3.227,2.861,34.871,0.5907,1.4151,1.7348,Cool
IMG_00159,Fair,232.075,185.251,138.141,231.964,183.791,136.956,10.07,7.68,8.406,17.163,97.716,206.127,80.834,16.858,20.165,5.557,2.531,2.844,56.816,1.1962,1.2528,1.68,Warm
IMG_01168,Tan,153.904,120.289,83.826,155.422,120.132,83.529,8.691,9.616,5.816,10.817,85.891,135.737,53.23,12.109,17.329,4.803,3.182,1.727,10.559,1.4311,1.2795,1.836,Neutral
IMG_00920,Deep,111.369,77.746,51.784,112.624,78.244,53.49,4.312,8.698,5.982,13.841,102.018,92.161,36.142,13.586,13.708,4.889,2.828,2.59,-45.312,1.0089,1.4325,2.1506,Neutral
IMG_01171,Medium,176.252,145.369,99.242,176.219,144.538,99.211,7.42,3.933,9.612,14.656,67.534,158.109,62.004,11.259,18.958,3.376,3.301,1.601,32.341,1.6838,1.2124,1.776,Neutral
IMG_00817,Tan,150.71,90.677,80.943,149.602,90.768,81.329,9.737,5.967,6.929,6.211,73.127,116.5,45.686,22.538,8.395,2.594,2.131,1.468,-27.196,0.3725,1.6621,1.8619,Cool
IMG_00412,Deep,109.468,72.614,39.901,108.109,72.374,41.58,9.394,5.05,3.761,16.127,90.219,79.922,31.342,16.144,18.029,3.637,1.865,3.303,-45.982,1.1168,1.5075,2.7435,Warm
IMG_01202,Deep,132.081,95.235,63.24,131.807,95.846,64.85,4.048,5.01,8.75,12.123,60.524,108.746,42.646,17.379,13.101,5.084,1.844,2.261,-29.309,0.7538,1.3869,2.0886,Neutral
IMG_00931,Tan,150.517,109.83,73.854,150.603,109.007,74.793,7.788,10.485,6.732,13.643,81.865,123.997,48.626,16.555,16.737,4.905,2.795,1.732,-4.692,1.011,1.3705,2.038,Neutral
IMG_01147,Medium,173.169,142.201,105.977,175.056,141.314,106.213,8.922,7.655,10.343,12.668,93.734,155.862,61.122,14.06,14.87,3.809,1.718,1.621,36.795,1.0576,1.2178,1.634,Neutral
IMG_01006,Medium,193.874,137.998,108.255,194.16,139.28,109.408,4.173,7.658,9.974,10.963,93.755,159.936,62.72,19.995,13.831,4.338,1.69,1.435,42.605,0.6917,1.4049,1.7909,Neutral
IMG_00332,Medium,198.382,158.772,105.895,197.782,158.193,107.214,11.06,3.641,9.145,15.281,97.246,171.741,67.349,14.146,21.511,3.895,2.228,1.218,38.887,1.5207,1.2495,1.8734,Warm
IMG_00097,Tan,136.485,97.167,65.484,136.131,97.349,65.939,5.21,5.077,5.382,21.313,96.44,111.074,43.558,14.748,15.652,5.402,2.491,2.561,-22.37,1.0613,1.4047,2.0843,Warm
IMG_00813,Tan,162.1,104.438,90.001,161.186,104.215,90.453,10.63,8.722,8.23,7.456,93.273,126.302,49.53,19.719,9.535,3.708,3.275,2.893,-2.821,0.4835,1.5521,1.8011,Cool
IMG_00895,Fair,215.979,165.953,135.008,216.95,166.308,132.893,11.189,8.241,8.135,7.083,74.864,193.642,75.938,15.244,12.071,4.822,3.106,3.482,65.043,0.7919,1.3014,1.5998,Cool
IMG_00523,Medium,177.863,118.647,94.895,178.711,118.547,94.535,5.557,6.235,10.599,7.259,75.854,137.325,53.853,24.429,13.057,2.986,2.737,3.124,16.44,0.5345,1.4991,1.8743,Cool
IMG_00527,Deep,128.617,67.735,50.001,129.924,65.714,51.155,5.335,3.662,4.5,8.545,65.961,88.638,34.76,20.817,11.173,4.618,3.045,3.769,-53.754,0.5367,1.8988,2.5723,Cool
IMG_00157,Deep,105.744,75.743,33.855,104.239,73.978,33.631,10.431,6.534,10.979,16.097,98.448,80.986,31.759,15.57,19.281,4.236,1.939,1.772,-43.412,1.2384,1.3961,3.1235,Warm
IMG_00530,Deep,123.426,76.382,62.155,125.18,77.601,62.38,6.338,8.09,8.312,6.36,100.308,92.995,36.469,18.748,9.324,2.838,1.27,2.327,-55.429,0.4974,1.6159,1.9858,Cool
IMG_00529,Deep,93.844,59.221,44.573,95.213,57.951,45.229,9.173,10.17,9.459,9.989,92.992,71.874,28.186,13.349,13.077,2.16,1.964,2.423,-59.058,0.9796,1.5846,2.1054,Cool
IMG_00580,Medium,166.392,115.074,104.414,164.701,112.603,105.372,8.378,5.118,6.079,3.974,92.051,139.593,54.742,18.213,9.34,4.456,3.18,3.158,26.919,0.5128,1.446,1.5936,Cool
IMG_00352,Medium,172.014,140.574,89.021,172.181,140.928,88.735,6.635,3.795,7.222,12.156,96.703,156.074,61.206,13.265,25.252,4.178,1.587,3.177,23.929,1.9037,1.2237,1.9323,Warm
IMG_00515,Tan,153.744,116.93,90.149,153.436,116.322,91.684,4.776,5.959,9.779,7.556,64.03,132.943,52.135,15.897,10.767,2.267,3.367,3.764,11.214,0.6773,1.3148,1.7054,Cool
IMG_00946,Medium,183.792,137.15,105.886,184.288,135.783,105.102,8.245,4.217,8.823,11.724,73.466,157.759,61.866,14.225,15.617,3.451,1.397,3.39,37.228,1.0979,1.3401,1.7358,Neutral
IMG_01023,Medium,180.267,151.107,109.801,182.0,153.001,109.643,7.049,8.736,4.814,8.764,76.418,164.911,64.671,10.947,15.43,3.698,1.464,1.56,43.555,1.4096,1.193,1.6418,Neutral
IMG_00843,Tan,148.257,112.074,85.161,147.756,113.263,84.448,7.462,8.256,6.884,13.952,60.626,123.763,48.535,14.331,9.963,3.334,1.898,2.268,-8.367,0.6952,1.3229,1.7409,Cool
IMG_00343,Medium,152.264,132.98,76.91,151.934,134.028,76.441,4.416,9.518,6.937,17.239,126.907,135.866,53.281,12.626,23.76,3.05,1.756,2.456,7.862,1.8818,1.145,1.9798,Warm
IMG_00355,Fair,225.562,173.086,143.511,224.494,173.84,142.423,7.574,5.279,9.689,13.354,106.92,201.518,79.027,17.396,17.527,3.941,2.45,1.992,58.876,1.0075,1.3032,1.5717,Warm
IMG_00309,Deep,97.59,76.064,25.304,98.557,75.344,25.373,7.246,3.788,6.105,16.402,106.285,75.711,29.69,13.441,20.887,3.061,2.778,3.667,-44.197,1.5539,1.283,3.8568,Warm
IMG_00431,Fair,231.914,199.253,140.953,230.404,200.308,140.9,8.636,5.507,6.252,13.839,71.943,214.103,83.962,13.939,27.21,2.336,1.32,1.859,51.299,1.9521,1.1639,1.6453,Warm
IMG_00784,Fair,211.281,162.421,131.7,209.708,162.206,134.513,8.737,5.955,5.112,10.696,64.036,184.777,72.461,18.824,11.559,2.466,3.223,2.345,62.768,0.6141,1.3008,1.6043,Cool
IMG_01118,Medium,173.091,133.251,97.91,172.946,132.689,98.895,11.148,6.538,7.8,11.452,79.865,147.641,57.899,15.112,15.553,5.87,3.46,2.37,26.924,1.0292,1.299,1.7679,Neutral
IMG_00708,Fair,226.697,172.532,139.379,226.56,171.061,139.541,11.573,9.944,8.633,5.425,119.132,199.082,78.071,15.95,13.908,3.872,1.414,3.256,63.644,0.872,1.3139,1.6265,Cool
IMG_00661,Tan,152.835,118.503,89.047,153.121,119.209,90.359,11.608,6.899,6.996,10.358,80.447,132.937,52.132,13.76,10.573,4.618,1.438,1.859,11.401,0.7684,1.2897,1.7164,Cool
IMG_01179,Fair,233.877,190.37,138.586,233.279,189.559,139.426,5.597,5.381,6.8,11.126,118.899,206.057,80.807,16.624,21.29,3.785,2.981,2.155,55.352,1.2807,1.2285,1.6876,Neutral
IMG_00125,Fair,193.61,162.091,104.363,193.282,161.158,105.238,4.502,9.375,3.529,13.916,83.729,172.762,67.75,13.438,21.758,2.987,2.904,2.022,39.207,1.6191,1.1945,1.8552,Warm
IMG_00179,Tan,150.26,117.314,69.756,149.657,116.722,68.752,11.077,9.769,10.319,17.538,106.438,131.225,51.461,13.867,21.032,3.256,2.789,1.906,3.973,1.5167,1.2808,2.1541,Warm
IMG_00288,Medium,176.475,146.901,96.511,176.829,147.708,96.972,8.985,5.992,9.417,18.429,90.387,159.448,62.529,11.59,20.747,2.935,2.67,1.813,31.127,1.7901,1.2013,1.8286,Warm
IMG_01301,Fair,204.427,163.357,122.891,203.226,165.828,122.403,9.252,7.067,5.277,11.824,102.278,181.442,71.154,15.338,15.82,5.689,1.325,2.991,53.209,1.0314,1.2514,1.6635,Neutral
IMG_01122,Tan,131.567,86.882,64.227,130.673,86.922,64.685,8.314,4.554,6.959,10.743,83.037,100.969,39.596,15.875,15.817,4.179,3.387,2.153,-33.337,0.9964,1.5143,2.0485,Neutral
IMG_00295,Fair,210.127,163.861,125.887,210.181,165.369,129.001,11.893,3.891,4.566,14.176,70.427,190.633,74.758,14.091,18.864,2.211,2.639,1.342,52.694,1.3387,1.2824,1.6692,Warm
IMG_00486,Tan,138.206,104.849,66.635,137.986,105.992,67.582,9.043,5.609,3.639,4.117,57.543,111.147,43.587,16.383,15.182,5.555,1.722,3.616,-22.9,0.9266,1.3182,2.0741,Cool
IMG_01152,Fair,232.587,182.664,140.298,232.461,180.939,139.722,10.114,5.738,10.637,11.143,66.754,206.876,81.128,17.256,19.631,4.583,2.248,2.418,57.762,1.1376,1.2733,1.6578,Neutral
IMG_00362,Deep,96.3,77.581,29.948,98.764,78.602,31.416,9.045,6.647,4.915,17.168,110.447,76.711,30.083,11.924,19.931,4.032,2.416,3.308,-44.981,1.6715,1.2413,3.2156,Warm
IMG_01169,Medium,194.312,157.351,118.072,193.933,158.752,119.054,11.174,5.19,8.795,13.385,86.078,176.597,69.254,12.751,15.96,3.209,1.303,2.647,50.344,1.2517,1.2349,1.6457,Neutral
IMG_00969,Fair,226.527,187.414,142.806,227.925,187.071,144.494,4.182,5.406,9.965,11.911,97.764,208.94,81.937,11.814,17.575,2.146,2.203,1.506,61.176,1.4877,1.2087,1.5863,Neutral
IMG_00089,Tan,141.923,111.546,68.354,141.622,111.522,69.348,8.52,8.322,10.05,17.592,136.407,122.711,48.122,10.218,20.586,4.545,2.951,1.616,-5.213,2.0147,1.2723,2.0763,Warm
IMG_01090,Tan,156.753,115.043,77.246,155.993,115.995,77.928,9.736,10.345,9.554,11.222,67.072,127.341,49.938,15.715,17.526,3.105,2.832,3.185,-0.204,1.1152,1.3626,2.0293,Neutral
IMG_00448,Fair,217.252,182.003,125.923,215.05,181.871,125.702,8.251,9.139,9.435,18.822,96.404,199.039,78.055,14.466,23.827,4.325,2.996,1.699,49.658,1.6471,1.1937,1.7253,Warm
IMG_01211,Medium,193.712,158.617,109.822,192.499,159.434,109.856,6.548,6.476,9.533,12.736,78.741,170.845,66.998,13.909,19.45,2.357,3.177,2.009,41.152,1.3984,1.2213,1.7639,Neutral
IMG_00772,Medium,201.317,145.673,125.044,201.432,145.207,125.311,6.71,6.382,4.227,2.358,105.712,173.303,67.962,14.793,10.62,2.944,1.319,3.79,59.406,0.7179,1.382,1.61,Cool
IMG_01088,Medium,165.846,125.901,100.068,166.182,127.067,98.383,5.052,9.082,4.394,11.932,117.737,143.603,56.315,14.771,13.071,3.632,1.945,2.723,25.786,0.8849,1.3173,1.6573,Neutral
IMG_01014,Fair,210.537,176.033,131.528,209.383,177.51,131.653,7.644,5.859,7.61,10.793,108.932,195.84,76.8,13.5,16.172,5.094,2.751,1.966,58.892,1.198,1.196,1.6007,Neutral
IMG_00721,Tan,160.368,117.234,98.159,158.082,117.156,98.584,8.804,5.303,6.001,6.382,80.322,139.731,54.797,15.454,12.077,3.766,2.417,2.368,21.662,0.7814,1.3679,1.6338,Cool
IMG_00291,Medium,169.61,147.369,87.614,169.541,146.966,86.804,6.066,5.204,6.933,20.034,81.484,155.021,60.793,13.2,25.737,5.038,1.674,3.044,22.75,1.9498,1.1509,1.9359,Warm
IMG_00286,Deep,103.045,73.925,38.523,103.667,75.837,38.546,4.106,7.294,6.947,21.254,116.317,77.78,30.502,13.679,17.845,3.996,1.366,2.98,-47.534,1.3046,1.3939,2.6749,Warm
IMG_01328,Tan,149.249,123.325,77.518,150.37,122.456,78.713,7.975,3.695,6.045,12.739,68.216,130.486,51.171,13.18,16.98,4.09,2.39,1.741,3.945,1.2883,1.2102,1.9254,Neutral
IMG_01279,Fair,236.951,175.659,140.866,236.325,174.844,138.635,4.622,4.069,9.337,8.634,83.733,203.24,79.702,19.536,16.758,3.401,1.724,3.143,60.568,0.8578,1.3489,1.6821,Neutral
IMG_00463,Medium,186.952,122.543,114.152,187.637,123.297,114.991,10.772,6.488,7.64,6.983,66.006,157.781,61.875,20.443,7.652,2.924,2.91,2.583,57.203,0.3743,1.5256,1.6377,Cool
IMG_00740,Medium,187.338,130.982,109.366,188.261,130.428,107.801,11.538,6.288,5.048,8.683,60.731,154.202,60.471,16.661,12.245,4.204,1.455,1.951,40.535,0.735,1.4303,1.7129,Cool
IMG_00267,Deep,114.797,87.862,41.513,115.729,87.794,39.846,6.898,9.285,8.761,18.906,101.341,92.909,36.435,14.625,21.741,3.837,1.327,2.31,-31.962,1.4866,1.3066,2.7653,Warm
IMG_00328,Fair,202.774,168.05,108.816,203.148,166.212,110.196,7.143,4.758,7.836,12.896,109.457,180.895,70.939,13.726,21.548,5.832,2.357,1.416,44.178,1.5699,1.2066,1.8635,Warm
IMG_00349,Fair,202.187,172.054,103.922,199.464,171.802,102.839,4.624,4.243,7.196,16.616,97.078,179.505,70.394,14.65,28.856,2.643,3.45,1.612,35.251,1.9698,1.1751,1.9456,Warm
IMG_00381,Fair,202.689,172.112,109.895,201.587,172.881,110.693,11.247,7.114,4.653,14.312,93.6,184.913,72.515,12.65,27.281,5.687,2.942,3.102,39.533,2.1566,1.1777,1.8444,Warm
IMG_00060,Fair,214.581,173.432,131.641,214.523,173.166,131.674,5.936,10.407,4.569,12.515,108.687,193.509,75.886,12.505,15.511,3.996,2.622,3.026,59.069,1.2404,1.2373,1.63,Warm
IMG_00423,Deep,105.909,78.15,48.686,105.56,77.691,48.828,4.359,9.941,7.027,17.296,99.141,85.26,33.435,12.194,17.1,2.116,2.787,2.453,-44.088,1.4023,1.3552,2.1753,Warm
IMG_01274,Medium,193.426,145.905,100.241,192.394,144.732,100.119,9.624,8.056,4.183,9.969,88.557,164.496,64.508,16.013,21.116,4.309,1.539,1.856,34.491,1.3187,1.3257,1.9296,Neutral
IMG_00426,Medium,176.057,137.895,93.843,177.79,137.853,92.818,8.43,10.405,8.992,17.556,108.985,146.985,57.641,15.072,19.527,5.108,3.207,1.761,21.371,1.2955,1.2768,1.8761,Warm
IMG_00882,Medium,182.107,116.716,97.849,180.416,116.973,96.739,10.844,3.851,10.115,14.046,79.501,145.634,57.111,19.772,9.307,5.408,2.365,2.475,37.384,0.4707,1.5603,1.8611,Cool
IMG_01226,Medium,178.455,134.529,105.505,177.801,135.651,105.775,10.443,6.983,7.45,9.487,66.428,152.331,59.738,17.671,13.516,4.784,2.371,2.284,35.771,0.7648,1.3265,1.6914,Neutral
IMG_00811,Fair,233.187,182.792,142.828,233.085,183.801,141.897,6.573,7.492,5.275,13.481,73.527,201.881,79.169,17.975,16.51,2.574,2.06,3.122,60.49,0.9185,1.2757,1.6326,Cool
IMG_00865,Tan,158.782,109.054,94.374,159.7,110.442,95.536,9.365,5.078,5.302,5.705,69.511,130.493,51.174,16.306,9.521,4.299,2.489,3.199,7.028,0.5839,1.456,1.6825,Cool
IMG_00844,Medium,174.675,130.628,104.867,176.457,130.002,103.773,4.958,4.643,8.306,3.43,105.878,151.715,59.496,14.98,13.934,5.254,2.004,2.748,34.275,0.9302,1.3372,1.6657,Cool
IMG_00334,Medium,155.677,125.326,72.492,152.639,125.488,73.366,5.259,3.717,10.602,16.364,70.124,132.644,52.017,15.047,20.994,2.963,1.752,1.417,5.489,1.3953,1.2422,2.1475,Warm
IMG_01192,Fair,205.474,174.163,124.577,204.752,175.713,122.902,11.633,4.919,9.561,13.595,82.722,188.48,73.914,11.407,17.83,3.476,3.467,2.157,53.292,1.5631,1.1798,1.6494,Neutral
IMG_01259,Deep,95.698,59.815,36.658,94.459,57.073,36.93,9.869,10.298,8.678,12.841,95.763,68.955,27.041,17.662,14.12,2.41,1.762,2.747,-58.408,0.7995,1.5999,2.6106,Neutral
IMG_00592,Fair,231.681,177.38,145.163,232.132,178.367,143.589,5.204,6.762,8.593,8.451,64.702,202.767,79.517,19.257,13.542,5.329,2.255,2.743,65.354,0.7032,1.3061,1.596,Cool
IMG_01212,Medium,192.493,144.333,110.6,191.542,142.24,111.451,9.179,5.429,9.503,9.867,83.943,163.154,63.982,18.389,14.954,4.679,2.696,2.294,43.076,0.8132,1.3337,1.7404,Neutral
IMG_00472,Fair,220.041,174.667,144.821,217.734,173.972,143.745,6.924,10.053,3.912,7.599,71.115,195.206,76.552,15.21,13.034,4.694,3.25,3.29,63.853,0.857,1.2598,1.5194,Cool
IMG_00589,Fair,216.333,174.907,144.476,216.49,174.258,144.815,10.189,4.517,6.979,9.561,86.853,200.193,78.507,14.471,11.71,5.099,1.976,2.846,67.669,0.8092,1.2368,1.4974,Cool
IMG_00899,Deep,114.226,68.171,40.71,114.2,69.813,40.693,8.51,10.499,8.331,7.388,81.162,80.343,31.507,17.167,12.841,4.777,2.33,2.122,-55.225,0.748,1.6756,2.8059,Cool
IMG_00825,Tan,144.2,102.09,82.064,145.002,101.374,83.182,9.765,8.091,4.663,12.855,95.465,118.608,46.513,13.137,9.1,3.072,2.104,1.928,-20.968,0.6927,1.4125,1.7572,Cool
IMG_00964,Fair,213.949,165.774,128.046,214.514,164.679,127.491,7.364,9.342,9.283,9.513,95.554,188.626,73.971,15.349,16.512,5.256,2.392,3.57,55.439,1.0758,1.2906,1.6709,Neutral
IMG_00329,Deep,88.356,65.69,22.951,84.671,66.624,22.746,7.724,10.102,10.488,14.516,110.807,68.841,26.996,12.876,19.127,2.827,2.024,1.588,-50.258,1.4855,1.345,3.8497,Warm
IMG_00498,Medium,169.477,126.794,104.505,170.423,127.049,104.492,10.824,10.31,5.5,8.016,50.428,148.676,58.304,16.584,13.189,4.864,2.107,2.96,32.196,0.7953,1.3366,1.6217,Cool
IMG_00319,Fair,189.95,154.576,112.536,189.515,153.533,111.81,9.972,9.755,9.176,15.118,106.016,176.277,69.128,12.392,18.992,3.328,2.912,1.595,45.206,1.5325,1.2288,1.6879,Warm
IMG_01043,Fair,190.319,160.711,116.111,190.307,160.448,116.756,7.665,8.305,9.065,14.52,66.379,179.804,70.511,10.793,18.664,5.115,2.062,3.188,47.699,1.7293,1.1842,1.6391,Neutral
IMG_00084,Tan,164.279,135.36,85.727,162.342,134.633,87.918,7.676,8.995,10.191,15.025,79.074,143.418,56.242,13.44,17.666,5.821,3.01,2.02,19.461,1.3145,1.2136,1.9163,Warm
IMG_00130,Deep,127.18,100.241,47.925,125.419,100.449,48.217,4.011,5.599,8.348,15.221,84.675,101.908,39.964,14.98,20.177,5.897,3.148,1.261,-26.446,1.3469,1.2687,2.6538,Warm
IMG_00781,Medium,167.656,122.603,96.551,166.952,122.936,97.889,9.633,8.279,6.446,9.55,65.964,139.264,54.613,19.051,13.302,3.579,1.786,1.608,19.128,0.6982,1.3675,1.7365,Cool
IMG_00013,Tan,140.954,104.821,61.287,139.571,103.02,61.485,8.012,9.088,8.375,14.671,100.48,112.618,44.164,16.54,21.296,4.808,3.03,3.514,-15.325,1.2875,1.3447,2.2999,Warm
IMG_00539,Medium,197.012,138.345,110.434,197.537,137.445,106.665,5.712,6.53,4.983,3.282,79.623,162.657,63.787,21.316,13.111,4.194,1.467,1.26,46.441,0.6151,1.4241,1.784,Cool
IMG_00172,Medium,177.466,124.407,86.878,176.149,123.082,87.143,5.482,5.451,5.14,16.65,67.7,142.748,55.98,18.381,19.581,2.731,3.099,1.943,16.982,1.0653,1.4265,2.0427,Warm
IMG_00597,Medium,178.127,127.535,103.306,177.11,126.994,105.476,4.01,7.813,4.918,10.485,76.343,149.626,58.677,17.539,12.51,2.768,2.703,1.34,34.744,0.7133,1.3967,1.7243,Cool
IMG_01238,Deep,112.7,80.336,52.21,112.208,80.506,50.233,6.007,8.276,6.394,14.617,83.763,94.192,36.938,13.033,14.402,4.53,2.433,2.628,-42.206,1.105,1.4029,2.1586,Neutral
IMG_00261,Medium,168.128,137.234,91.737,166.763,136.162,93.577,7.127,10.335,10.66,14.505,124.696,151.651,59.471,12.003,18.394,5.201,1.756,1.377,27.244,1.5325,1.2251,1.8327,Warm
IMG_00673,Medium,199.463,141.829,130.951,198.579,141.31,131.445,9.642,7.262,7.019,5.142,82.686,174.443,68.409,16.458,9.564,4.045,2.664,2.916,62.548,0.5811,1.4064,1.5232,Cool
IMG_01315,Medium,171.566,136.615,98.07,169.401,135.162,96.443,10.607,8.511,8.343,12.3,73.004,151.787,59.524,13.767,14.924,5.666,1.334,1.635,32.546,1.084,1.2558,1.7494,Neutral
IMG_00677,Medium,176.626,141.256,105.144,175.493,142.043,105.235,8.315,7.124,3.566,7.729,79.454,150.706,59.1,15.569,15.92,2.007,1.425,1.464,29.753,1.0225,1.2504,1.6798,Cool
IMG_01112,Medium,196.485,145.044,111.519,196.314,144.879,111.303,7.382,9.034,9.537,15.435,95.59,166.051,65.118,13.972,14.409,5.57,1.318,2.571,46.376,1.0313,1.3547,1.7619,Neutral
IMG_01285,Medium,175.895,140.32,107.892,174.796,141.557,109.16,7.072,8.422,10.708,13.129,83.993,157.745,61.861,15.053,14.087,2.609,3.184,2.294,40.095,0.9358,1.2535,1.6303,Neutral
IMG_00333,Medium,192.394,148.229,107.57,191.643,148.403,109.02,5.012,9.398,6.216,17.315,104.518,167.629,65.737,15.78,20.862,4.642,2.283,1.717,37.029,1.3221,1.298,1.7885,Warm
IMG_00356,Medium,187.448,163.324,108.962,185.295,162.54,108.498,5.548,4.973,3.673,15.338,83.634,171.588,67.289,8.608,19.588,5.587,1.685,1.792,41.433,2.2755,1.1477,1.7203,Warm
IMG_00139,Fair,209.687,190.175,136.585,209.135,188.813,138.337,10.787,6.458,5.772,13.749,76.461,201.72,79.106,7.872,20.0,3.301,2.839,3.324,55.506,2.5407,1.1026,1.5352,Warm
IMG_00382,Fair,210.067,165.101,113.699,210.882,166.252,115.052,6.192,5.704,4.376,15.469,121.402,182.083,71.405,16.687,20.425,3.093,1.682,2.384,46.343,1.224,1.2724,1.8476,Warm
IMG_00293,Deep,89.339,63.92,25.564,89.101,62.861,25.788,6.401,4.559,5.635,18.821,88.19,64.553,25.315,14.231,20.042,3.504,2.94,2.603,-50.927,1.4083,1.3977,3.4948,Warm
IMG_01099,Fair,212.816,183.292,129.314,214.026,182.552,130.41,10.812,7.052,7.107,13.02,109.554,197.678,77.521,14.663,19.787,3.361,1.607,3.642,54.285,1.3495,1.1611,1.6457,Neutral
IMG_00494,Medium,195.062,135.923,109.515,194.926,135.358,110.86,10.289,6.139,4.253,3.58,127.885,158.413,62.123,19.177,11.677,4.535,3.224,3.508,46.073,0.6089,1.4351,1.7811,Cool
IMG_00142,Medium,172.475,144.487,93.181,172.046,145.326,93.686,9.639,9.22,7.598,17.53,110.284,156.447,61.352,11.098,19.44,5.868,1.319,2.512,30.282,1.7517,1.1937,1.851,Warm
IMG_00905,Medium,171.224,122.427,93.7,170.02,121.788,95.74,7.205,8.442,7.744,12.61,97.515,144.867,56.811,16.057,13.766,5.701,1.259,3.041,26.323,0.8574,1.3986,1.8274,Neutral
IMG_01107,Fair,201.658,163.957,120.14,201.906,164.539,120.989,9.176,3.889,8.877,12.228,89.358,182.913,71.73,12.463,16.803,2.399,1.523,1.615,52.287,1.3483,1.2299,1.6785,Neutral
IMG_00559,Medium,174.052,125.073,105.939,172.773,126.084,105.061,4.94,8.327,6.566,6.967,87.667,145.562,57.083,17.172,9.261,2.825,2.126,1.397,37.408,0.5393,1.3916,1.643,Cool
IMG_00140,Tan,128.692,100.179,61.472,126.888,100.907,61.252,6.372,8.501,9.193,14.173,104.405,104.855,41.12,13.688,16.769,2.41,2.382,2.523,-27.905,1.2251,1.2846,2.0935,Warm
IMG_01183,Medium,184.955,153.238,110.264,184.576,153.067,110.405,9.94,5.144,5.7,10.048,74.015,162.763,63.829,13.65,16.105,4.278,3.461,1.765,40.651,1.1799,1.207,1.6774,Neutral
IMG_01044,Medium,192.378,148.911,114.512,189.988,150.609,114.434,10.378,6.567,10.7,14.727,90.529,167.952,65.864,16.242,16.823,3.087,2.913,2.289,43.318,1.0358,1.2919,1.68,Neutral
IMG_00225,Medium,161.298,123.049,95.661,162.977,122.591,96.274,11.862,5.25,4.05,18.074,95.274,141.594,55.527,10.743,13.136,4.653,2.569,2.279,22.818,1.2228,1.3108,1.6861,Warm
IMG_00652,Deep,113.843,83.017,64.519,113.896,82.161,64.791,6.328,9.06,7.179,8.109,99.565,95.017,37.261,12.441,9.125,2.159,2.955,1.638,-54.385,0.7335,1.3713,1.7645,Cool
IMG_00275,Tan,136.797,106.58,57.879,136.956,106.442,56.816,7.441,6.564,5.828,16.304,97.288,111.273,43.636,15.247,18.536,5.049,3.353,3.646,-18.948,1.2157,1.2835,2.3635,Warm
IMG_00324,Medium,170.868,143.806,92.876,171.382,143.476,90.234,7.439,5.511,9.026,14.872,80.573,153.679,60.266,11.802,19.076,3.814,3.475,1.342,28.288,1.6163,1.1882,1.8398,Warm
IMG_00452,Fair,220.689,166.75,155.646,219.656,165.266,157.175,5.171,4.823,9.946,6.486,79.487,199.968,78.419,15.658,9.605,3.025,2.074,3.465,71.326,0.6134,1.3235,1.4179,Cool
IMG_00410,Fair,205.93,173.581,115.57,203.068,174.565,115.336,10.989,8.84,7.348,17.967,81.206,188.116,73.771,12.386,20.953,4.683,3.149,1.225,48.606,1.6916,1.1864,1.7819,Warm
IMG_00326,Medium,175.195,133.955,90.833,175.113,134.685,90.164,5.885,10.028,9.946,14.924,123.601,152.208,59.689,16.499,19.516,4.839,2.309,2.553,26.403,1.1829,1.3079,1.9288,Warm
IMG_00598,Tan,156.959,110.811,96.213,158.095,111.575,99.0,9.143,9.528,7.148,7.659,67.547,131.543,51.586,16.292,10.597,2.538,1.866,2.922,8.51,0.6505,1.4165,1.6314,Cool
IMG_00300,Deep,110.692,83.546,37.275,109.818,83.834,38.779,8.727,8.069,5.417,18.162,69.799,86.31,33.847,13.507,21.283,3.458,3.14,1.707,-37.197,1.5757,1.3249,2.9696,Warm
IMG_00724,Tan,145.381,96.774,75.407,144.245,96.653,74.271,10.639,9.749,4.901,14.365,107.397,117.954,46.256,17.393,12.821,4.479,3.31,2.406,-16.278,0.7371,1.5023,1.928,Cool
IMG_00637,Deep,94.753,54.069,50.783,93.816,56.723,51.869,10.768,9.187,7.074,4.841,56.411,72.223,28.323,15.029,6.173,5.411,1.768,1.246,-74.104,0.4108,1.7524,1.8658,Cool
IMG_00550,Medium,177.841,133.334,107.069,178.379,135.552,107.717,9.487,3.625,5.122,9.833,102.05,154.416,60.555,16.347,13.984,2.278,2.512,3.167,37.046,0.8554,1.3338,1.661,Cool
IMG_01253,Deep,96.908,62.208,45.992,95.948,59.955,47.945,9.054,10.132,4.777,10.973,87.822,76.44,29.977,13.173,12.822,2.482,1.277,2.146,-57.367,0.9733,1.5578,2.1071,Neutral
IMG_01273,Tan,152.752,126.07,75.858,154.215,128.851,75.433,9.254,5.82,8.506,11.71,80.895,133.346,52.293,10.858,17.494,5.751,2.7,1.612,7.466,1.6111,1.2116,2.0137,Neutral
IMG_01001,Fair,227.252,179.37,145.233,227.211,178.536,146.924,9.331,8.199,4.959,13.984,82.68,203.406,79.767,14.544,15.958,2.8,2.28,3.57,61.804,1.0973,1.2669,1.5647,Neutral
IMG_01299,Fair,224.647,182.331,142.697,223.931,181.418,140.56,5.504,6.909,10.41,10.595,85.715,203.519,79.811,14.938,18.172,4.469,2.859,2.074,58.634,1.2165,1.2321,1.5743,Neutral
IMG_00753,Tan,163.371,112.058,89.393,161.835,111.793,88.248,6.925,3.818,7.919,7.982,82.907,131.539,51.584,17.566,12.718,4.888,2.979,1.59,7.099,0.7241,1.4579,1.8276,Cool
IMG_01027,Fair,203.152,157.646,128.519,202.367,158.225,127.35,5.75,8.809,4.153,11.969,79.696,177.421,69.577,15.857,13.533,3.958,1.223,3.719,55.344,0.8535,1.2887,1.5807,Neutral
IMG_01161,Fair,204.71,160.513,123.513,204.787,158.366,124.303,6.003,8.809,5.745,11.713,93.383,180.762,70.887,14.409,16.494,5.226,2.428,3.264,51.703,1.1447,1.2753,1.6574,Neutral
IMG_00948,Tan,137.257,93.458,68.07,136.645,93.977,68.446,7.857,6.745,7.414,12.314,73.261,112.488,44.113,12.701,13.894,5.811,2.589,2.775,-22.962,1.094,1.4687,2.0164,Neutral
IMG_01229,Deep,98.658,75.022,20.924,98.24,74.408,20.538,7.155,9.902,9.884,9.997,77.681,72.28,28.345,13.135,19.573,3.82,1.2,3.542,-47.89,1.4901,1.3151,4.7152,Neutral
IMG_00627,Medium,196.715,153.254,128.875,196.857,151.896,130.152,10.096,5.34,3.839,4.317,81.373,173.581,68.071,14.67,10.252,2.007,2.006,1.828,60.432,0.6989,1.2836,1.5264,Cool
IMG_01173,Fair,233.406,179.166,146.098,234.03,175.745,144.285,11.592,6.609,6.769,11.662,89.252,206.477,80.971,18.843,15.623,4.0,2.804,2.156,63.232,0.8291,1.3027,1.5976,Neutral
IMG_00603,Tan,155.332,93.155,81.696,153.171,92.691,82.623,5.633,8.354,10.378,11.718,97.801,118.72,46.557,20.381,9.461,3.578,1.614,1.941,-19.998,0.4642,1.6675,1.9014,Cool
IMG_00478,Tan,152.179,106.177,81.732,152.741,104.669,83.279,11.298,9.75,8.404,7.155,80.036,125.458,49.199,16.67,12.199,4.689,1.212,3.761,-3.756,0.7318,1.4333,1.8619,Cool
IMG_00616,Deep,104.796,62.273,43.282,105.053,64.092,41.473,8.422,10.274,10.971,8.681,96.487,72.897,28.587,16.363,11.016,2.466,3.154,2.5,-62.776,0.6732,1.6829,2.4212,Cool
IMG_00746,Tan,157.538,109.636,90.873,155.348,109.162,90.781,10.819,8.453,8.164,9.345,64.754,130.341,51.114,17.937,10.617,3.984,1.887,1.51,5.992,0.5919,1.4369,1.7336,Cool
IMG_00322,Tan,131.199,104.54,56.976,132.68,102.728,56.712,8.769,4.128,6.03,15.716,79.67,112.399,44.078,12.934,21.732,2.359,3.412,3.299,-15.243,1.6802,1.255,2.3027,Warm
IMG_00911,Deep,91.418,72.957,34.425,92.224,73.95,34.163,4.979,9.115,9.381,11.471,96.017,73.734,28.915,12.714,13.075,2.086,2.082,1.379,-58.196,1.0285,1.253,2.6556,Neutral
IMG_00799,Tan,156.145,109.31,85.507,158.782,110.752,85.587,8.22,4.928,4.405,3.474,80.58,128.619,50.439,17.901,13.809,4.044,1.382,2.727,1.82,0.7714,1.4285,1.8261,Cool
IMG_00953,Tan,138.865,106.702,80.127,138.029,108.98,82.007,7.404,8.709,10.744,13.642,87.113,119.306,46.787,14.508,14.121,2.917,1.53,3.573,-12.82,0.9733,1.3014,1.733,Neutral
IMG_01101,Fair,227.509,183.781,132.181,228.402,183.734,133.398,5.8,5.968,8.964,11.399,78.65,205.83,80.718,15.51,20.709,4.444,1.387,2.858,56.013,1.3352,1.2379,1.7212,Neutral
IMG_00487,Fair,213.84,171.254,140.72,214.878,171.433,141.378,5.338,3.699,8.22,5.761,65.466,195.251,76.569,13.248,11.372,5.904,1.962,1.509,66.828,0.8584,1.2487,1.5196,Cool
IMG_00040,Medium,172.527,142.576,100.073,173.879,145.664,100.144,4.105,8.145,4.835,10.067,94.023,152.891,59.957,12.959,19.615,5.844,1.542,2.278,26.914,1.5136,1.2101,1.724,Warm
IMG_00031,Fair,220.351,187.498,125.831,218.054,188.628,125.864,9.964,6.522,4.457,17.438,79.268,196.304,76.982,15.503,24.297,3.135,2.035,2.879,47.997,1.5672,1.1752,1.7512,Warm
IMG_00243,Deep,108.46,82.713,34.887,111.329,83.166,34.767,4.096,7.37,9.055,14.111,94.465,84.203,33.021,15.304,21.1,3.94,1.396,3.728,-38.824,1.3787,1.3113,3.1089,Warm
IMG_00738,Fair,238.011,177.306,148.199,237.691,178.286,149.611,6.275,8.078,7.511,11.906,127.124,207.446,81.351,18.823,14.998,4.385,2.156,1.98,64.434,0.7968,1.3424,1.606,Cool
IMG_00959,Medium,182.893,133.905,103.537,184.831,135.381,102.164,5.875,4.856,5.172,9.906,95.423,153.565,60.221,17.536,15.225,4.834,1.293,1.334,33.876,0.8682,1.3658,1.7665,Neutral
IMG_00137,Fair,223.859,173.77,136.005,223.426,169.604,136.496,6.824,9.759,10.598,20.363,104.886,196.255,76.963,13.083,17.806,5.57,2.165,3.229,56.559,1.361,1.2883,1.646,Warm
IMG_00311,Deep,80.434,70.497,23.522,81.14,71.297,23.117,4.207,5.052,9.354,19.409,81.774,69.994,27.449,9.323,19.568,2.805,1.384,2.434,-49.051,2.0989,1.141,3.4196,Warm
IMG_01126,Medium,184.122,133.659,97.078,184.955,134.516,94.848,6.424,4.183,8.333,12.321,85.727,152.046,59.626,14.579,16.319,2.723,1.792,3.509,30.535,1.1193,1.3776,1.8966,Neutral
IMG_00583,Deep,94.667,73.18,51.47,94.502,71.411,51.115,7.884,5.848,4.118,8.756,71.223,78.984,30.974,9.943,8.34,4.201,1.824,2.799,-66.33,0.8388,1.2936,1.8393,Cool
IMG_01081,Fair,210.304,168.69,131.077,210.4,170.372,131.756,6.598,9.424,10.29,9.324,87.531,189.212,74.201,13.363,18.442,3.808,1.221,3.261,52.692,1.3801,1.2467,1.6044,Neutral
IMG_01193,Deep,118.292,84.806,52.786,118.571,85.766,52.526,11.12,5.989,5.061,12.818,121.531,88.603,34.746,17.917,15.283,3.825,1.679,2.496,-44.945,0.853,1.3949,2.241,Neutral
IMG_00745,Tan,157.055,99.889,86.364,158.22,99.236,87.305,10.555,9.878,9.598,7.09,82.352,124.276,48.736,20.501,11.137,3.22,2.549,3.579,-6.476,0.5432,1.5723,1.8185,Cool
IMG_01341,Fair,216.29,174.889,132.595,215.034,175.37,131.493,4.496,6.291,5.769,12.12,68.812,193.318,75.811,14.766,14.024,2.961,2.59,2.73,61.483,0.9498,1.2367,1.6312,Neutral
IMG_00554,Fair,232.039,170.417,147.939,231.585,170.302,147.473,11.6,9.139,6.332,5.253,80.713,201.917,79.183,17.882,13.538,5.155,2.008,1.634,65.113,0.7571,1.3616,1.5685,Cool
IMG_00004,Fair,218.033,184.931,129.69,216.597,185.364,131.535,9.837,7.963,10.154,16.729,112.56,202.464,79.397,11.654,21.079,3.889,1.475,3.054,54.358,1.8088,1.179,1.6812,Warm
IMG_00112,Medium,171.313,148.134,100.398,170.533,148.984,100.678,11.534,8.18,8.59,15.536,77.231,159.047,62.371,8.766,18.692,3.448,2.565,1.226,33.499,2.1323,1.1565,1.7063,Warm
IMG_00760,Tan,161.736,116.077,87.775,162.108,116.167,88.362,11.84,5.738,9.081,10.146,85.843,134.183,52.621,16.283,10.359,4.128,2.6,2.223,14.197,0.6362,1.3934,1.8426,Cool
IMG_01165,Deep,99.401,70.249,38.206,99.503,70.6,36.982,4.057,3.739,4.606,11.266,79.901,75.433,29.582,13.117,15.677,2.75,2.966,1.779,-52.483,1.1952,1.415,2.6017,Neutral
IMG_00862,Deep,104.067,59.105,48.653,103.758,59.499,48.382,7.961,6.524,6.577,9.429,102.206,74.209,29.101,19.262,11.093,4.018,2.044,3.147,-62.04,0.5759,1.7607,2.1389,Cool
IMG_01032,Fair,216.736,171.205,132.537,216.05,171.026,129.457,11.642,6.244,7.447,10.498,95.295,192.214,75.378,14.959,15.767,3.421,2.571,3.743,58.149,1.054,1.2659,1.6353,Neutral
IMG_01194,Deep,110.739,75.616,47.371,113.449,72.775,47.462,6.776,7.893,3.895,12.944,88.088,86.8,34.039,13.994,14.258,5.012,1.21,1.998,-48.225,1.0189,1.4645,2.3377,Neutral
IMG_00937,Fair,192.723,151.299,109.961,192.7,153.819,109.643,7.493,5.383,8.753,9.914,88.904,171.607,67.297,16.0,16.225,2.506,1.322,3.196,46.832,1.014,1.2738,1.7526,Neutral
IMG_00377,Tan,156.981,129.824,70.898,157.541,130.772,68.858,7.201,4.553,7.277,11.905,85.931,138.514,54.319,10.833,25.245,5.207,2.216,2.476,9.709,2.3303,1.2092,2.2142,Warm
IMG_00618,Fair,235.29,179.888,153.607,235.466,181.911,152.831,11.076,4.098,6.833,10.388,60.839,213.598,83.764,15.868,11.142,5.398,2.616,1.96,71.738,0.7021,1.308,1.5318,Cool
IMG_00454,Fair,182.25,143.642,125.983,182.396,142.682,125.384,8.455,10.003,6.335,6.71,113.993,167.665,65.751,14.552,10.794,3.855,1.404,2.783,55.576,0.7418,1.2688,1.4466,Cool
IMG_01200,Medium,174.68,133.254,96.532,173.262,134.679,95.195,4.761,5.197,6.326,14.707,108.12,151.899,59.568,14.802,17.253,4.163,1.73,1.792,29.012,1.1656,1.3109,1.8096,Neutral
IMG_00315,Deep,90.554,73.398,21.956,91.077,74.142,21.253,4.393,4.837,9.429,16.394,99.58,75.114,29.456,10.432,20.336,3.816,1.894,2.198,-45.291,1.9493,1.2337,4.1243,Warm
IMG_00440,Medium,179.526,145.681,97.589,180.305,146.145,99.22,8.794,6.834,10.496,18.325,112.403,154.771,60.695,14.24,18.513,2.304,2.353,2.986,30.014,1.3001,1.2323,1.8396,Warm
IMG_00443,Tan,126.561,111.366,59.043,125.352,110.026,61.547,9.066,9.175,3.836,14.687,92.587,110.697,43.411,11.808,20.212,3.186,1.844,1.58,-18.057,1.7116,1.1364,2.1435,Warm
IMG_01094,Medium,194.929,143.772,126.962,195.859,147.158,128.256,5.121,6.009,10.292,13.379,83.61,167.929,65.855,18.245,10.289,4.269,1.699,1.519,57.019,0.5639,1.3558,1.5353,Neutral
IMG_00320,Fair,213.668,190.46,127.46,214.608,189.69,128.25,9.553,3.613,6.295,18.84,141.582,202.223,79.303,10.561,23.655,3.407,2.45,1.389,51.088,2.2398,1.1219,1.6764,Warm
IMG_00662,Tan,157.314,109.876,92.38,156.609,109.389,93.024,8.949,9.367,7.368,12.577,87.891,130.112,51.024,18.144,10.643,3.508,3.32,1.294,5.497,0.5866,1.4317,1.7029,Cool
IMG_00926,Fair,221.886,183.252,138.745,221.236,181.634,140.602,11.126,9.902,6.642,8.774,87.042,203.716,79.889,13.262,15.424,4.626,1.581,2.331,62.704,1.1631,1.2108,1.5992,Neutral
IMG_00006,Fair,217.046,178.027,124.877,217.36,177.833,125.362,4.056,7.075,6.631,14.455,89.102,197.409,77.415,13.714,24.115,2.888,1.476,2.078,48.665,1.7585,1.2192,1.7381,Warm
IMG_00101,Fair,221.276,179.172,129.238,219.85,178.866,129.277,8.042,10.27,6.633,13.441,81.756,197.219,77.341,15.174,21.188,5.936,2.736,2.85,52.225,1.3964,1.235,1.7122,Warm
IMG_00425,Medium,173.714,151.163,103.547,173.378,151.158,103.049,9.585,5.677,4.247,15.865,112.915,159.739,62.643,10.468,19.262,3.09,3.113,3.749,33.279,1.8402,1.1492,1.6776,Warm
IMG_00927,Medium,190.706,144.531,101.092,191.209,144.284,102.808,9.483,6.394,6.212,13.69,99.189,159.514,62.554,18.293,19.489,4.952,2.905,2.778,32.788,1.0654,1.3195,1.8865,Neutral
IMG_00650,Tan,152.98,123.246,89.917,155.388,121.36,89.548,9.152,7.79,8.894,11.891,94.926,135.166,53.006,16.4,14.862,4.571,2.395,2.973,11.435,0.9062,1.2413,1.7013,Cool
IMG_00623,Deep,124.312,78.971,60.433,125.31,79.117,59.321,6.306,4.86,10.805,8.231,54.526,93.189,36.545,17.284,8.963,3.447,2.583,2.786,-56.33,0.5186,1.5741,2.057,Cool
IMG_00732,Tan,160.195,118.838,90.567,161.384,120.126,91.545,6.542,5.67,9.109,7.043,86.945,136.738,53.623,14.593,12.066,4.227,3.231,1.999,16.712,0.8269,1.348,1.7688,Cool
IMG_00424,Medium,179.888,128.912,85.977,181.459,128.579,85.171,11.337,4.438,8.536,16.706,113.04,148.476,58.226,16.468,20.219,2.017,3.327,1.493,22.138,1.2278,1.3954,2.0923,Warm
IMG_01288,Medium,188.385,137.811,111.145,186.831,137.299,111.518,11.739,9.639,5.606,10.921,66.233,158.313,62.083,18.947,15.827,4.029,1.33,1.826,37.36,0.8354,1.367,1.695,Neutral
IMG_01294,Tan,138.55,101.767,73.103,138.336,101.764,71.296,5.286,9.356,8.424,12.059,114.313,111.661,43.789,13.545,14.501,3.329,2.386,3.71,-23.187,1.0706,1.3614,1.8953,Neutral
IMG_00635,Fair,231.078,167.86,141.747,229.849,166.417,141.871,6.712,7.5,6.855,7.804,96.083,193.818,76.007,22.9,12.423,4.637,1.316,2.483,64.467,0.5425,1.3766,1.6302,Cool
IMG_01102,Tan,136.7,97.682,64.521,137.686,95.484,63.44,7.998,6.118,8.304,16.048,84.504,112.757,44.218,15.267,14.473,3.949,1.211,2.889,-21.776,0.948,1.3994,2.1187,Neutral
IMG_00655,Tan,142.58,96.837,71.654,141.757,96.803,70.608,8.598,5.797,9.653,10.253,64.912,115.183,45.17,17.872,13.383,2.736,2.269,1.236,-19.846,0.7489,1.4724,1.9898,Cool
IMG_00228,Medium,189.108,157.429,93.508,190.096,158.227,92.845,8.307,10.445,9.931,16.61,94.599,166.701,65.373,13.728,25.835,2.389,2.825,2.099,30.754,1.882,1.2012,2.0224,Warm
IMG_00585,Fair,226.295,185.163,157.716,227.207,186.079,157.156,7.113,6.915,10.924,11.049,103.259,208.554,81.786,13.227,10.601,2.856,2.161,1.959,71.555,0.8015,1.2221,1.4348,Cool
IMG_00666,Fair,226.648,171.12,143.424,227.938,170.896,146.029,11.326,6.986,6.491,8.41,68.117,201.673,79.088,16.915,13.741,5.002,1.368,1.433,64.714,0.8123,1.3245,1.5803,Cool
IMG_00804,Medium,174.33,128.586,100.532,173.433,128.376,99.036,4.506,9.068,8.163,10.273,95.017,148.384,58.19,14.769,12.563,3.26,1.577,1.304,33.1,0.8507,1.3557,1.7341,Cool
IMG_00567,Fair,212.777,159.017,134.871,214.801,158.189,135.8,6.367,3.969,10.218,3.549,106.284,190.434,74.68,16.087,13.704,4.767,1.48,1.369,60.958,0.8519,1.3381,1.5776,Cool
IMG_00067,Medium,171.42,143.487,96.577,170.294,144.26,96.909,10.943,6.683,7.367,16.986,84.402,154.215,60.476,11.223,19.863,3.955,2.734,1.563,27.808,1.7698,1.1947,1.775,Warm
IMG_00859,Tan,140.923,95.359,74.625,142.353,96.96,75.029,11.136,9.584,10.984,8.805,50.527,115.176,45.167,18.202,12.431,4.341,2.928,1.727,-21.245,0.6829,1.4778,1.8884,Cool
IMG_00812,Deep,124.777,70.69,55.351,124.061,70.421,55.255,11.698,5.604,9.961,6.347,92.788,87.353,34.256,20.8,10.866,5.735,2.918,1.801,-55.388,0.5224,1.7651,2.2543,Cool
IMG_00212,Fair,203.886,169.469,123.282,203.63,169.25,122.854,5.432,9.083,8.582,19.366,106.969,190.089,74.545,11.277,20.176,4.188,2.293,3.598,50.58,1.7891,1.2031,1.6538,Warm
IMG_00644,Fair,234.516,169.182,145.328,235.614,167.41,144.716,4.371,7.348,7.002,10.374,52.559,199.107,78.081,20.711,13.249,5.711,1.792,1.902,64.742,0.6397,1.3862,1.6137,Cool
IMG_01286,Fair,221.56,170.377,135.684,220.73,170.676,135.886,8.29,8.197,8.938,11.945,71.341,197.401,77.412,17.986,15.043,5.017,1.285,2.224,61.244,0.8363,1.3004,1.6329,Neutral
IMG_00543,Deep,126.317,85.277,78.01,126.162,85.248,78.577,9.509,5.476,7.111,7.533,74.67,102.906,40.355,16.366,6.882,2.178,3.08,3.774,-54.49,0.4205,1.4813,1.6193,Cool
IMG_00954,Tan,156.069,109.957,74.495,155.754,109.456,76.14,7.755,8.336,9.495,13.869,65.271,127.166,49.869,14.526,16.765,3.973,1.58,2.278,-0.447,1.1542,1.4194,2.095,Neutral
IMG_01214,Fair,249.943,185.943,147.019,251.158,186.325,148.894,9.239,7.609,4.669,14.154,107.256,210.348,82.49,18.284,19.044,2.842,1.799,3.591,59.623,1.0416,1.3442,1.7001,Neutral
IMG_00839,Fair,215.497,164.419,145.05,215.132,164.593,145.027,11.959,5.617,5.291,10.042,45.891,193.272,75.793,13.934,11.259,4.272,3.121,1.701,66.418,0.808,1.3107,1.4857,Cool
IMG_00985,Medium,183.735,135.782,105.745,184.173,136.429,106.515,7.239,9.132,7.007,8.807,72.128,156.756,61.473,16.634,15.163,5.368,1.986,3.69,37.113,0.9116,1.3532,1.7375,Neutral
IMG_00876,Fair,229.367,160.996,143.845,229.536,159.85,143.454,8.779,8.306,5.152,9.3,79.815,195.214,76.554,20.157,9.041,3.576,2.577,2.173,71.198,0.4485,1.4247,1.5945,Cool
IMG_01215,Fair,220.457,169.083,124.866,221.245,170.875,123.488,6.555,5.808,7.269,10.288,105.691,190.92,74.871,17.596,19.266,3.132,2.222,2.156,52.236,1.0949,1.3038,1.7656,Neutral
IMG_01323,Fair,207.055,173.429,128.028,208.148,175.07,130.457,9.647,4.537,8.681,9.762,90.031,190.907,74.865,11.603,19.514,2.086,1.547,3.046,51.876,1.6819,1.1939,1.6173,Neutral
IMG_01261,Fair,205.153,156.725,125.9,204.586,156.581,127.855,4.219,4.359,7.885,12.824,98.109,175.554,68.845,16.178,14.777,5.647,3.285,1.594,51.898,0.9134,1.309,1.6295,Neutral
IMG_00818,Tan,147.798,120.644,101.447,148.424,118.759,102.926,10.006,4.507,8.165,8.138,65.122,136.702,53.609,12.601,8.307,2.321,2.798,2.193,23.48,0.6593,1.2251,1.4569,Cool
IMG_00274,Fair,222.003,189.311,121.418,222.919,189.912,120.363,4.312,6.689,10.182,17.092,132.351,200.015,78.437,12.427,24.461,4.278,3.114,3.778,49.299,1.9684,1.1727,1.8284,Warm
IMG_01254,Medium,185.692,134.511,103.64,185.012,135.346,102.718,7.587,4.81,4.849,11.133,94.509,155.763,61.084,16.765,14.958,3.699,2.935,3.385,36.538,0.8922,1.3805,1.7917,Neutral
IMG_00363,Fair,221.912,175.046,121.924,222.025,173.802,120.927,9.715,9.917,8.791,15.168,74.034,193.829,76.011,17.48,21.309,4.687,2.107,1.203,50.675,1.2191,1.2677,1.8201,Warm
IMG_00003,Medium,180.864,137.411,98.611,181.562,138.476,99.684,8.342,4.486,9.516,12.517,108.927,157.78,61.875,15.44,17.927,2.298,3.47,3.208,33.519,1.1611,1.3162,1.8341,Warm
IMG_00007,Medium,169.951,132.625,86.83,170.359,132.616,87.75,8.021,3.86,5.59,12.318,75.694,145.931,57.228,16.589,20.032,5.633,1.751,1.577,19.84,1.2076,1.2814,1.9573,Warm
IMG_00312,Tan,148.673,117.412,67.052,147.882,118.653,66.564,10.34,4.808,4.0,12.519,95.904,123.807,48.552,14.364,20.518,5.994,1.257,3.372,-4.038,1.4285,1.2662,2.2173,Warm
IMG_00544,Medium,171.632,120.45,97.82,170.245,117.425,97.998,11.05,6.448,9.797,9.914,97.175,145.103,56.903,15.488,13.257,4.361,1.641,2.711,27.507,0.856,1.4249,1.7546,Cool
IMG_00919,Medium,192.738,147.924,110.206,194.174,147.471,110.783,8.667,8.242,10.979,13.098,76.892,167.9,65.843,14.69,18.598,2.122,1.41,1.4,40.426,1.2661,1.3029,1.7489,Neutral
IMG_01332,Medium,181.929,134.925,106.456,181.636,136.483,108.398,11.991,8.918,7.132,11.389,52.735,157.404,61.727,16.636,15.765,2.041,2.804,2.212,36.643,0.9476,1.3484,1.709,Neutral
IMG_00216,Fair,214.971,171.862,115.988,216.405,172.131,117.072,8.171,9.776,4.972,15.751,71.614,191.185,74.975,14.909,21.806,2.09,3.182,2.701,48.875,1.4626,1.2508,1.8534,Warm
IMG_00562,Medium,165.717,121.0,101.165,163.595,123.308,100.021,9.719,8.597,8.499,8.325,62.991,139.65,54.765,15.3,9.653,5.483,3.201,2.705,26.272,0.6309,1.3696,1.6381,Cool
IMG_00028,Deep,80.985,62.62,24.318,79.714,61.984,23.367,11.174,6.818,8.507,13.13,107.054,65.048,25.509,8.952,17.318,2.689,1.642,1.306,-54.735,1.9346,1.2933,3.3302,Warm
IMG_00942,Medium,179.305,136.163,91.424,179.259,136.401,91.999,11.507,7.073,7.006,8.14,92.48,153.35,60.137,14.187,17.083,4.69,1.801,2.044,30.684,1.2042,1.3168,1.9612,Neutral
IMG_00709,Fair,211.972,155.823,127.447,212.302,155.375,129.067,4.555,5.303,7.579,5.738,76.669,181.527,71.187,16.633,13.792,4.958,2.592,2.22,56.937,0.8292,1.3603,1.6632,Cool
IMG_00555,Deep,98.915,61.102,48.767,99.783,60.937,49.073,4.399,4.309,4.035,10.663,82.564,75.724,29.696,15.567,8.25,5.042,2.317,2.092,-67.886,0.53,1.6188,2.0283,Cool
IMG_01248,Tan,147.228,107.57,80.721,147.479,108.166,81.156,5.795,5.987,10.825,13.136,99.847,123.474,48.421,14.373,13.232,2.896,2.492,2.241,-6.805,0.9206,1.3687,1.8239,Neutral
IMG_00678,Fair,200.732,149.183,126.968,200.637,150.668,126.659,10.537,9.912,5.734,7.46,98.206,173.5,68.039,17.609,12.379,5.799,1.549,1.413,55.542,0.703,1.3455,1.581,Cool
IMG_00694,Medium,179.483,130.58,104.065,178.686,132.816,104.214,4.712,5.402,9.26,8.566,100.767,151.365,59.359,15.165,11.977,5.412,2.991,2.841,38.005,0.7897,1.3745,1.7247,Cool
IMG_00257,Tan,140.389,110.847,74.233,136.903,111.557,74.319,6.737,9.17,5.287,11.798,93.473,118.358,46.415,11.012,17.085,2.898,2.36,1.878,-11.851,1.5515,1.2665,1.8912,Warm
IMG_00026,Fair,192.184,165.628,109.821,191.286,165.329,110.986,8.162,8.906,7.401,17.566,74.756,175.45,68.804,13.765,22.29,5.409,2.469,2.658,40.151,1.6194,1.1603,1.75,Warm
IMG_00337,Medium,176.535,146.075,81.13,177.8,146.032,82.055,5.205,10.029,6.373,10.908,115.272,150.347,58.96,15.105,24.462,4.918,1.247,1.733,20.116,1.6195,1.2085,2.1759,Warm
IMG_00048,Tan,147.502,111.23,67.765,147.752,111.182,68.583,5.445,7.476,10.366,17.835,103.265,123.62,48.478,14.732,22.08,2.136,2.804,1.973,-3.942,1.4988,1.3261,2.1767,Warm
IMG_00107,Tan,150.196,118.344,68.223,150.514,119.114,69.007,11.964,9.49,7.411,16.472,108.217,126.769,49.713,15.478,21.733,2.255,3.112,2.757,-0.756,1.4041,1.2691,2.2015,Warm
IMG_01010,Tan,152.929,117.193,76.906,152.979,118.498,77.308,8.39,7.665,5.056,9.259,85.901,125.038,49.035,14.873,16.048,2.833,1.835,3.05,-3.443,1.079,1.3049,1.9885,Neutral
IMG_00056,Medium,182.908,139.932,95.523,182.068,139.261,95.975,6.767,7.846,3.843,15.018,98.494,156.039,61.192,14.837,20.862,5.486,3.439,3.719,28.212,1.406,1.3071,1.9148,Warm
IMG_00851,Medium,188.574,133.57,119.238,188.378,134.375,121.441,7.081,3.899,6.356,8.909,69.045,159.109,62.396,17.584,9.403,5.613,1.248,2.434,52.817,0.5347,1.4118,1.5815,Cool
IMG_00214,Medium,166.346,123.462,96.431,168.827,125.977,98.345,7.347,6.005,7.953,13.876,124.325,144.636,56.72,14.606,13.804,4.302,1.571,2.427,25.957,0.9451,1.3473,1.725,Warm
IMG_00121,Medium,193.173,166.828,105.527,192.531,167.856,106.145,6.23,4.975,10.681,18.423,87.621,175.512,68.828,12.969,23.386,2.035,3.495,2.96,38.838,1.8033,1.1579,1.8306,Warm
IMG_00712,Medium,196.191,137.788,123.572,194.402,136.081,123.83,11.998,6.951,5.064,11.307,71.173,167.014,65.496,21.139,11.973,2.651,1.297,2.653,52.308,0.5664,1.4239,1.5877,Cool
IMG_00606,Tan,166.656,120.479,94.344,167.791,120.114,93.969,5.127,9.639,4.857,8.614,75.917,140.113,54.946,19.114,14.696,5.189,2.251,2.054,18.602,0.7689,1.3833,1.7665,Cool
IMG_00073,Tan,142.384,121.018,65.95,143.764,120.657,65.619,8.813,9.234,10.132,15.835,84.579,124.037,48.642,11.438,22.885,2.912,1.688,2.789,-3.396,2.0008,1.1766,2.159,Warm
IMG_01262,Tan,139.155,105.014,77.701,140.238,104.825,77.871,11.298,6.217,7.359,13.277,83.37,120.382,47.209,12.955,15.0,3.87,3.334,3.2,-10.542,1.1579,1.3251,1.7909,Neutral
IMG_00591,Medium,183.216,141.559,114.002,184.125,140.553,111.035,10.97,9.292,6.201,7.85,93.839,162.221,63.616,15.318,13.119,4.4,1.559,2.592,46.065,0.8565,1.2943,1.6071,Cool
IMG_00046,Medium,166.431,140.264,82.404,167.271,141.643,81.56,4.249,5.336,7.963,13.911,142.383,147.406,57.806,11.353,22.759,2.206,2.342,2.752,18.932,2.0046,1.1866,2.0197,Warm
IMG_00990,Fair,195.848,158.009,110.626,194.249,157.331,111.381,6.676,5.908,9.203,8.985,99.627,172.165,67.516,14.87,18.663,4.337,1.288,3.481,43.183,1.2551,1.2395,1.7704,Neutral
IMG_00524,Medium,200.95,147.838,117.984,201.908,148.087,118.519,9.284,7.802,9.869,7.188,93.754,172.739,67.741,19.191,15.892,3.921,3.202,2.135,48.147,0.8281,1.3593,1.7032,Cool
IMG_00711,Medium,188.648,123.17,103.495,189.366,123.568,103.93,6.405,7.499,4.625,7.371,65.651,154.63,60.639,21.222,10.911,5.136,1.965,2.737,44.276,0.5141,1.5316,1.8228,Cool
IMG_00706,Medium,173.648,127.446,110.926,174.548,128.815,111.277,9.994,4.873,7.012,9.509,90.049,148.657,58.297,18.272,8.149,5.447,2.359,2.977,45.515,0.446,1.3625,1.5654,Cool
IMG_00747,Fair,192.497,147.928,125.688,192.461,147.146,124.819,9.906,6.312,4.032,6.665,67.171,171.784,67.366,13.221,12.282,5.07,1.364,3.598,54.731,0.929,1.3013,1.5315,Cool
IMG_00534,Medium,186.935,141.979,114.355,188.067,141.131,115.218,7.904,10.088,5.204,9.291,60.079,165.229,64.796,14.496,12.66,3.559,2.595,3.164,49.448,0.8733,1.3166,1.6347,Cool
IMG_00466,Medium,184.37,136.611,116.77,182.771,138.17,117.571,11.402,4.528,10.781,11.94,79.235,162.199,63.607,15.296,11.127,5.79,3.235,1.758,50.726,0.7275,1.3496,1.5789,Cool
IMG_00999,Medium,183.065,144.654,109.213,186.007,143.351,109.875,10.026,10.197,3.675,9.996,89.631,162.081,63.561,13.358,17.753,4.152,1.701,2.65,37.376,1.329,1.2655,1.6762,Neutral
IMG_01177,Medium,178.674,139.269,100.218,178.781,139.835,99.122,10.052,8.335,8.074,12.043,66.568,155.906,61.14,12.77,16.937,2.163,2.955,2.869,33.334,1.3263,1.2829,1.7828,Neutral
IMG_00639,Fair,209.798,147.794,135.327,208.83,147.701,136.001,10.723,4.351,5.112,7.455,100.361,179.912,70.554,20.771,8.271,2.149,1.524,3.585,68.079,0.3982,1.4195,1.5503,Cool
IMG_00061,Medium,165.99,135.051,86.468,168.165,135.48,86.94,9.516,9.104,5.001,15.81,91.778,146.612,57.495,13.583,19.427,2.67,1.441,2.855,21.096,1.4302,1.2291,1.9197,Warm
IMG_00093,Tan,119.33,87.585,45.609,118.911,87.899,46.986,9.885,10.488,10.498,14.051,79.821,94.11,36.906,15.262,17.373,4.57,2.169,2.854,-37.006,1.1383,1.3625,2.6164,Warm
IMG_00873,Medium,198.34,142.558,117.546,196.874,142.574,115.821,11.112,8.906,10.449,11.952,86.94,169.498,66.47,16.849,12.058,2.253,2.644,1.576,53.79,0.7157,1.3913,1.6873,Cool
IMG_00195,Tan,153.66,123.345,79.045,154.402,121.765,78.076,8.603,6.503,5.569,17.968,111.229,128.381,50.345,12.629,18.395,5.074,1.72,3.0,1.076,1.4566,1.2458,1.9439,Warm
IMG_00281,Medium,184.329,135.462,90.492,186.427,134.993,90.212,9.014,6.011,10.967,15.131,84.245,152.418,59.772,16.142,21.782,3.921,2.318,2.671,24.162,1.3494,1.3607,2.037,Warm
IMG_00360,Tan,168.777,131.342,88.775,169.261,133.35,89.305,6.282,5.174,9.402,12.145,79.507,142.707,55.964,14.917,20.182,2.226,2.05,2.515,16.462,1.353,1.285,1.9012,Warm
IMG_00520,Fair,211.414,161.313,138.25,211.916,160.762,138.948,10.319,8.094,8.066,5.329,85.527,187.241,73.428,16.109,14.816,3.647,2.29,2.278,57.69,0.9197,1.3106,1.5292,Cool
IMG_00696,Fair,204.234,154.999,124.639,202.349,154.229,125.972,9.594,7.971,7.492,9.49,64.798,179.136,70.249,17.925,13.121,5.074,2.943,2.806,57.057,0.732,1.3176,1.6386,Cool
IMG_01198,Medium,158.92,127.016,90.337,159.401,127.879,88.735,8.208,3.577,7.067,13.104,94.54,145.174,56.931,14.776,15.612,3.344,2.752,2.86,23.939,1.0565,1.2512,1.7592,Neutral
IMG_00183,Fair,206.256,182.014,120.916,206.66,184.363,120.884,7.077,6.714,5.775,15.858,85.0,193.017,75.693,11.627,24.64,5.73,1.473,3.628,46.198,2.1192,1.1332,1.7058,Warm
IMG_00111,Deep,99.18,75.617,46.839,99.354,74.879,45.989,6.475,9.267,10.663,11.912,109.964,79.57,31.204,12.064,14.552,5.285,1.204,2.855,-52.253,1.2063,1.3116,2.1175,Warm
IMG_01221,Fair,200.228,168.845,117.697,201.214,169.958,114.896,8.029,5.431,4.95,10.187,100.979,182.583,71.601,12.385,20.412,4.778,2.434,2.77,46.621,1.6481,1.1859,1.7012,Neutral
IMG_00947,Deep,108.778,74.461,41.469,109.757,75.243,42.464,6.097,9.862,10.626,8.313,83.432,80.919,31.733,16.206,15.943,3.077,2.935,1.821,-48.886,0.9838,1.4609,2.6231,Neutral
IMG_00205,Tan,152.519,117.337,60.354,153.714,117.643,58.139,7.134,4.639,9.008,14.807,62.659,124.16,48.69,14.624,25.507,2.835,1.335,2.636,-2.94,1.7442,1.2998,2.5271,Warm
IMG_00674,Deep,97.5,63.458,44.296,97.714,64.662,44.954,7.971,6.809,5.83,9.653,88.164,72.512,28.436,14.235,8.959,5.482,1.592,2.116,-67.438,0.6294,1.5364,2.2011,Cool
IMG_01217,Fair,210.926,172.859,124.228,209.75,172.781,124.102,10.025,5.305,5.827,15.107,99.283,187.979,73.717,16.354,19.911,3.914,1.244,1.973,49.986,1.2175,1.2202,1.6979,Neutral
IMG_00546,Medium,184.535,132.496,107.745,184.889,132.264,108.821,6.37,7.315,5.179,8.083,101.551,154.412,60.554,17.127,12.542,3.776,2.314,3.362,40.079,0.7323,1.3928,1.7127,Cool
IMG_00815,Tan,166.585,114.0,93.366,168.146,114.606,94.54,5.873,6.099,4.605,9.246,95.995,132.244,51.861,19.868,11.353,4.023,2.248,3.793,9.307,0.5714,1.4613,1.7842,Cool
IMG_00794,Medium,180.461,137.297,106.251,178.318,137.497,108.004,6.513,6.119,8.155,10.141,79.778,158.987,62.348,15.103,14.454,5.05,2.892,3.318,40.508,0.957,1.3144,1.6984,Cool
IMG_00833,Fair,212.319,171.636,122.89,214.996,171.799,122.041,8.769,6.37,9.789,9.316,91.931,185.541,72.761,16.78,16.912,2.741,2.476,3.078,53.387,1.0079,1.237,1.7277,Cool
IMG_00621,Fair,219.354,167.143,140.241,218.698,166.519,139.22,11.817,7.575,10.002,9.917,96.029,196.829,77.188,13.99,15.707,5.813,2.753,2.627,59.984,1.1227,1.3124,1.5641,Cool
IMG_00184,Medium,172.43,136.025,92.48,172.182,137.416,92.076,8.902,10.069,8.463,16.13,103.044,150.309,58.945,14.498,17.76,2.307,2.016,2.632,26.732,1.225,1.2676,1.8645,Warm
IMG_00138,Fair,204.21,162.52,118.7,202.925,161.915,118.602,10.169,8.083,4.637,10.271,98.581,178.59,70.035,15.451,20.051,5.504,2.44,1.934,44.978,1.2977,1.2565,1.7204,Warm
IMG_00797,Tan,168.223,118.376,87.644,163.346,117.039,85.51,11.266,6.417,5.858,9.931,86.004,133.821,52.479,17.706,11.819,3.554,2.201,1.391,11.845,0.6675,1.4211,1.9194,Cool
IMG_00081,Medium,145.231,114.13,72.828,144.555,113.637,72.387,4.491,8.965,6.949,14.255,104.722,126.09,49.447,14.145,20.164,2.233,3.488,1.35,-1.571,1.4255,1.2725,1.9942,Warm
IMG_01097,Tan,155.555,112.308,82.459,154.713,111.999,83.728,9.189,8.475,8.329,11.351,92.678,129.29,50.702,16.577,13.51,5.08,2.027,1.667,2.974,0.815,1.3851,1.8865,Neutral
IMG_01000,Medium,175.725,136.632,104.642,177.904,137.53,103.168,9.091,5.963,5.869,9.569,47.854,156.173,61.244,13.881,17.753,4.446,1.506,1.858,32.35,1.2789,1.2861,1.6793,Neutral
IMG_00542,Fair,226.131,176.886,140.267,225.035,176.517,141.91,7.357,10.37,6.121,7.022,103.672,198.642,77.899,18.534,16.108,5.687,3.346,1.829,59.999,0.8691,1.2784,1.6121,Cool
IMG_00915,Medium,184.365,134.396,101.503,184.061,133.221,102.417,7.706,4.528,6.178,11.276,104.684,157.669,61.831,15.771,16.084,5.43,1.287,1.592,36.338,1.0198,1.3718,1.8164,Neutral
IMG_00481,Fair,223.083,175.104,135.129,223.437,175.478,136.735,7.334,8.801,5.203,9.803,71.763,194.488,76.27,18.01,17.114,2.885,1.571,2.167,56.916,0.9502,1.274,1.6509,Cool
IMG_00166,Tan,162.417,132.772,82.973,163.087,134.879,84.861,7.908,6.313,4.653,19.419,110.372,140.963,55.28,12.763,20.778,4.29,1.837,3.595,14.257,1.628,1.2233,1.9575,Warm
IMG_00249,Medium,188.152,149.674,97.654,189.418,149.45,96.843,11.864,7.999,8.883,17.785,92.092,165.93,65.071,15.195,22.329,5.906,2.068,3.285,34.017,1.4695,1.2571,1.9267,Warm
IMG_00308,Fair,209.621,178.239,125.591,210.866,179.386,128.381,10.197,7.435,7.645,17.341,67.003,193.175,75.755,10.906,21.011,2.459,1.49,2.577,50.792,1.9265,1.1761,1.6691,Warm
IMG_00963,Fair,223.311,175.257,126.516,222.182,174.173,127.648,6.833,6.75,5.961,12.057,87.016,194.953,76.452,16.023,19.54,3.619,3.092,2.743,53.547,1.2195,1.2742,1.7651,Neutral
IMG_00615,Medium,186.505,139.626,111.905,186.442,139.87,111.887,6.487,10.176,9.377,11.425,63.748,162.211,63.612,15.314,12.366,4.64,2.391,1.635,47.746,0.8075,1.3357,1.6666,Cool
IMG_00335,Tan,143.188,107.229,73.22,142.442,108.264,73.244,7.014,7.235,3.502,16.244,102.949,119.829,46.992,14.978,18.209,2.965,1.679,1.851,-9.381,1.2157,1.3353,1.9556,Warm
IMG_00098,Fair,223.345,187.742,154.69,225.814,186.967,153.731,4.498,7.088,9.548,16.96,111.271,214.587,84.152,11.141,14.929,3.837,1.32,3.244,66.388,1.3399,1.1896,1.4438,Warm
IMG_00869,Tan,137.727,100.049,82.325,138.552,101.307,81.253,8.114,4.128,8.321,7.418,81.232,114.402,44.864,13.042,9.56,2.621,2.153,2.836,-28.249,0.733,1.3766,1.673,Cool
IMG_00773,Fair,225.644,152.73,135.152,224.077,152.885,133.466,9.877,9.994,8.217,8.981,108.113,188.359,73.866,21.475,9.588,5.159,1.595,1.751,68.113,0.4465,1.4774,1.6696,Cool
IMG_01016,Fair,222.199,173.425,134.244,223.0,173.566,132.996,11.47,5.928,10.257,15.467,89.513,197.545,77.469,15.742,18.593,3.301,2.885,3.115,55.907,1.1811,1.2812,1.6552,Neutral
IMG_01103,Fair,204.095,165.899,122.447,204.829,167.229,122.587,6.96,9.127,5.904,13.406,88.402,185.888,72.897,13.404,16.585,3.833,2.859,2.327,54.084,1.2373,1.2302,1.6668,Neutral
IMG_01008,Fair,226.878,178.344,137.698,227.66,179.131,137.697,9.518,3.575,5.788,10.242,83.974,200.684,78.7,15.402,15.617,3.595,3.121,2.215,61.448,1.0139,1.2721,1.6476,Neutral
IMG_01206,Fair,237.541,182.071,150.412,236.979,183.724,150.866,9.908,8.644,10.889,9.791,75.789,208.428,81.736,15.05,15.583,3.181,2.683,3.424,63.848,1.0354,1.3047,1.5793,Neutral
IMG_00719,Medium,206.107,153.85,119.825,206.719,155.024,121.493,5.177,8.858,9.082,6.86,97.235,175.048,68.646,18.865,12.043,5.613,1.22,1.763,57.143,0.6384,1.3397,1.7201,Cool
IMG_01223,Fair,222.686,170.458,132.871,224.09,168.538,131.8,5.203,7.821,9.892,14.263,61.495,193.563,75.907,17.685,14.103,2.482,3.264,1.407,61.438,0.7975,1.3064,1.676,Neutral
IMG_00303,Medium,175.64,148.523,76.883,174.791,149.149,76.676,4.422,3.763,8.879,17.379,82.962,156.408,61.336,12.763,27.944,4.152,2.37,1.832,22.082,2.1895,1.1826,2.2845,Warm
IMG_01108,Fair,233.521,196.48,146.057,234.771,197.959,145.653,9.048,6.427,6.472,12.88,73.65,216.555,84.924,12.186,21.161,4.761,2.902,2.527,58.787,1.7365,1.1885,1.5988,Neutral
IMG_00389,Tan,146.303,120.166,68.364,146.023,120.824,68.637,6.303,4.342,8.776,13.729,92.259,126.068,49.439,13.682,23.161,4.579,2.06,3.672,-1.389,1.6927,1.2175,2.1401,Warm
IMG_00236,Deep,112.181,94.156,54.264,112.824,93.197,51.974,7.912,5.962,10.322,16.664,98.16,101.471,39.793,10.128,18.193,4.276,2.953,3.311,-29.296,1.7963,1.1914,2.0673,Warm
IMG_01125,Fair,228.406,178.699,149.877,229.013,179.067,150.378,5.595,7.314,10.803,10.632,75.616,206.166,80.849,14.666,15.11,4.781,2.331,3.22,63.905,1.0302,1.2782,1.524,Neutral
IMG_01297,Medium,186.092,150.35,105.331,187.377,151.597,106.28,4.638,7.377,9.682,11.175,77.444,163.207,64.003,14.464,18.64,5.945,2.866,1.924,36.915,1.2887,1.2377,1.7667,Neutral
IMG_00306,Fair,224.786,167.49,127.573,223.811,168.837,127.349,10.001,8.354,10.93,19.573,101.897,194.143,76.134,18.307,19.874,3.112,2.346,2.057,52.749,1.0856,1.3421,1.762,Warm
IMG_01196,Deep,106.374,72.699,34.242,107.02,71.624,35.15,7.313,8.262,6.51,13.527,87.026,76.944,30.174,18.765,18.597,2.457,2.854,3.343,-46.832,0.991,1.4632,3.1066,Neutral
IMG_01346,Medium,171.302,135.011,88.117,170.85,137.339,88.194,10.684,9.662,7.26,13.213,64.52,148.715,58.32,15.192,19.833,2.746,1.492,2.729,22.758,1.3055,1.2688,1.944,Neutral
IMG_00250,Tan,138.801,92.096,65.981,137.553,91.039,68.14,7.2,3.902,7.875,19.585,88.292,111.237,43.623,16.929,15.164,5.537,1.549,2.754,-22.81,0.8957,1.5071,2.1036,Warm
IMG_01113,Deep,128.514,89.772,61.264,129.263,92.941,62.74,9.211,10.296,9.703,10.639,73.627,102.786,40.308,14.76,14.262,5.898,3.145,3.424,-34.199,0.9663,1.4316,2.0977,Neutral
IMG_00939,Deep,113.416,78.602,50.858,113.696,78.175,51.909,11.801,9.779,5.687,11.212,118.547,87.381,34.267,14.892,11.346,3.307,2.055,2.226,-54.203,0.7619,1.4429,2.23,Neutral
IMG_00072,Fair,214.358,189.389,133.128,212.473,189.515,131.527,9.729,5.408,6.602,13.825,75.135,200.147,78.489,9.775,21.533,2.488,1.617,2.971,52.916,2.2028,1.1318,1.6102,Warm
IMG_00095,Fair,217.45,174.462,135.089,216.278,173.391,135.515,5.083,8.76,8.427,15.646,111.203,196.16,76.926,12.667,14.476,5.826,1.359,1.348,61.736,1.1428,1.2464,1.6097,Warm
IMG_00692,Tan,165.754,117.239,110.583,165.584,115.844,110.389,9.276,3.791,8.911,9.471,87.0,142.661,55.946,15.345,10.479,2.248,2.277,3.352,29.571,0.6829,1.4138,1.4989,Cool
IMG_00034,Fair,215.29,174.483,116.349,214.334,174.587,116.162,6.791,10.007,9.73,17.839,74.665,189.124,74.166,15.714,19.991,5.86,1.486,3.1,50.402,1.2722,1.2339,1.8504,Warm
IMG_00970,Medium,187.291,147.474,105.575,189.295,147.087,106.424,5.79,8.565,8.059,8.601,58.891,163.006,63.924,15.027,16.657,4.005,2.635,1.742,39.893,1.1085,1.27,1.774,Neutral
IMG_00449,Tan,146.476,123.546,69.814,145.4,119.909,70.43,8.393,10.144,10.99,12.227,106.343,132.436,51.936,12.979,21.334,2.942,2.872,2.183,5.184,1.6437,1.1856,2.0981,Warm
IMG_00446,Fair,190.018,158.813,98.474,192.35,160.059,99.391,5.459,10.096,9.163,18.885,110.553,170.127,66.716,12.394,23.784,2.832,1.977,3.305,35.101,1.9191,1.1965,1.9296,Warm
IMG_01034,Fair,207.516,166.504,122.191,209.844,166.021,121.582,7.723,9.708,4.708,12.176,99.657,183.977,72.148,16.265,15.729,2.415,1.206,2.016,54.619,0.967,1.2463,1.6983,Neutral
IMG_00856,Medium,187.048,141.344,114.199,186.767,142.005,115.07,11.01,5.406,6.066,10.308,88.82,159.03,62.365,19.197,13.862,5.723,2.531,1.665,41.732,0.7221,1.3234,1.6379,Cool
IMG_00858,Fair,242.751,172.234,146.887,242.653,172.634,146.431,10.756,8.218,9.869,10.103,99.66,204.35,80.137,21.864,12.066,2.554,1.271,3.629,68.18,0.5519,1.4094,1.6526,Cool
IMG_00078,Medium,191.955,156.122,104.049,190.358,156.589,107.041,4.701,10.059,7.654,16.294,92.256,168.066,65.908,13.923,20.0,3.222,2.113,2.363,38.499,1.4365,1.2295,1.8448,Warm
IMG_00085,Fair,219.353,176.102,119.151,219.638,175.556,118.188,8.147,4.551,9.031,18.672,99.978,192.786,75.602,15.527,25.075,4.049,2.765,1.308,45.597,1.6149,1.2456,1.841,Warm
IMG_00683,Fair,226.328,172.552,140.58,224.324,173.407,140.9,10.6,9.407,8.548,8.773,96.02,196.941,77.232,17.148,13.587,3.218,1.282,3.633,63.484,0.7923,1.3116,1.61,Cool
IMG_00083,Tan,156.059,122.889,74.517,154.866,122.852,72.165,5.097,7.247,5.114,15.617,87.952,131.362,51.515,15.177,19.546,2.048,1.755,3.737,4.431,1.2879,1.2699,2.0943,Warm
IMG_00458,Medium,181.509,124.349,105.552,180.809,121.766,105.515,8.082,4.395,9.042,8.908,52.463,150.193,58.899,19.631,13.541,3.588,1.805,2.176,33.313,0.6898,1.4597,1.7196,Cool
IMG_00809,Tan,145.007,94.539,80.397,145.357,97.68,78.608,6.599,7.114,6.836,3.33,93.559,113.109,44.356,19.684,10.001,3.356,3.151,2.457,-29.437,0.5081,1.5338,1.8036,Cool
IMG_00933,Fair,234.802,177.15,147.385,237.153,176.945,147.743,5.06,6.339,5.204,15.593,47.269,207.552,81.393,17.042,15.409,2.977,3.253,2.58,63.856,0.9042,1.3254,1.5931,Neutral
IMG_00437,Tan,147.656,110.321,73.392,146.003,112.361,75.479,6.148,8.936,7.642,17.088,123.349,120.013,47.064,15.4,19.04,4.644,1.943,2.451,-8.766,1.2363,1.3384,2.0119,Warm
IMG_00645,Fair,222.797,161.763,135.96,222.436,159.483,135.675,6.422,6.725,5.388,8.52,86.15,195.898,76.823,20.003,13.048,3.499,3.04,3.369,64.059,0.6523,1.3773,1.6387,Cool
IMG_00742,Tan,144.398,96.497,70.016,145.302,97.244,71.004,8.37,8.418,10.999,12.088,87.057,115.741,45.389,18.579,15.086,3.741,2.185,3.391,-16.997,0.812,1.4964,2.0624,Cool
IMG_01079,Fair,230.978,178.259,134.275,232.243,179.252,135.899,5.961,6.288,5.968,10.599,77.553,198.184,77.719,16.445,17.713,5.085,3.308,3.409,57.42,1.0771,1.2957,1.7202,Neutral
IMG_00405,Fair,235.109,188.158,136.691,233.608,188.411,135.815,8.111,5.121,4.859,15.814,97.839,208.891,81.918,16.326,22.413,5.241,1.511,2.418,54.923,1.3728,1.2495,1.72,Warm
IMG_01178,Fair,200.983,153.674,113.639,199.047,152.24,113.704,9.712,9.594,4.869,11.067,79.866,176.446,69.195,16.719,18.603,4.746,2.011,3.749,45.897,1.1127,1.3079,1.7686,Neutral
IMG_00765,Medium,193.414,136.904,111.696,193.481,136.189,111.299,11.838,6.956,6.43,8.356,106.448,159.097,62.391,19.417,11.583,3.888,3.161,2.878,46.93,0.5965,1.4128,1.7316,Cool
IMG_00814,Fair,209.401,143.057,127.502,208.352,145.195,128.182,7.281,9.157,9.276,9.133,72.029,173.094,67.88,17.572,8.588,2.892,2.617,1.833,64.344,0.4887,1.4638,1.6423,Cool
IMG_00105,Tan,135.933,96.755,52.373,135.667,97.261,51.851,10.917,7.327,6.353,17.431,77.606,110.037,43.152,15.335,19.634,5.907,1.455,2.299,-19.229,1.2803,1.4049,2.5955,Warm
IMG_00610,Medium,159.149,114.038,89.661,159.39,114.714,89.532,4.29,10.388,6.912,9.683,84.881,132.499,51.96,16.916,14.796,3.437,1.873,1.653,7.548,0.8747,1.3956,1.775,Cool
IMG_00681,Fair,235.552,188.293,148.305,234.606,187.024,148.408,8.659,10.408,10.152,7.173,69.54,212.65,83.392,14.4,16.391,3.643,2.055,1.972,63.855,1.1383,1.251,1.5883,Cool
IMG_00763,Medium,174.175,125.056,100.249,173.339,126.555,100.182,10.115,8.803,7.442,10.334,90.414,146.557,57.473,16.582,10.62,4.499,2.942,3.387,35.133,0.6405,1.3928,1.7374,Cool
IMG_00063,Tan,175.26,137.044,97.612,173.023,135.962,95.737,4.245,5.304,6.97,17.657,74.699,152.643,59.86,13.287,17.956,5.473,2.872,3.131,28.772,1.3513,1.2789,1.7955,Warm
IMG_00282,Fair,237.714,207.989,151.511,240.3,207.31,150.945,5.035,6.131,4.244,15.453,106.279,224.073,87.872,9.943,21.956,4.492,2.228,3.223,59.897,2.2082,1.1429,1.569,Warm
IMG_00995,Deep,102.09,73.566,39.711,104.867,73.191,40.337,5.199,10.121,7.306,16.579,83.753,78.024,30.598,13.615,14.554,5.706,1.975,3.061,-53.127,1.0689,1.3877,2.5708,Neutral
IMG_00239,Medium,181.278,150.212,93.745,182.676,150.107,94.769,11.179,4.336,5.959,17.448,61.512,160.384,62.896,11.915,24.328,5.263,2.574,2.223,27.927,2.0419,1.2068,1.9337,Warm
IMG_00224,Tan,159.927,119.354,81.706,161.67,119.863,81.753,6.164,5.242,10.565,14.742,100.987,131.961,51.749,15.419,18.852,3.193,2.984,2.222,5.301,1.2227,1.3399,1.9574,Warm
IMG_00146,Deep,94.495,71.859,24.258,95.491,70.512,23.157,4.121,10.255,5.382,14.797,90.11,69.394,27.213,11.912,18.119,4.704,2.825,2.786,-51.51,1.5211,1.315,3.8954,Warm
IMG_01260,Medium,195.751,152.82,124.311,194.885,154.293,122.677,7.286,7.016,9.774,12.795,97.791,174.777,68.54,15.134,15.033,2.334,2.42,1.758,50.963,0.9933,1.2809,1.5747,Neutral
IMG_00374,Deep,100.235,74.482,35.172,98.396,73.421,35.331,7.295,8.593,6.887,16.203,66.837,77.655,30.453,13.151,15.641,5.427,3.371,2.073,-51.334,1.1893,1.3458,2.8499,Warm
IMG_00119,Medium,170.774,137.835,96.472,171.062,134.931,99.731,10.908,7.621,6.315,17.921,92.757,151.86,59.553,14.116,18.601,3.143,1.667,3.181,27.184,1.3177,1.239,1.7702,Warm
IMG_01139,Fair,219.483,168.526,141.826,218.168,169.193,140.249,11.906,7.736,9.833,12.582,66.985,194.888,76.427,14.305,13.408,2.291,2.001,3.117,63.098,0.9373,1.3024,1.5476,Neutral
IMG_00251,Tan,135.156,118.395,63.917,132.328,117.777,62.998,11.279,8.521,7.866,16.217,97.773,123.789,48.545,7.735,18.679,5.191,3.188,2.388,-4.455,2.415,1.1416,2.1146,Warm
IMG_01300,Medium,186.023,139.306,98.69,185.616,141.047,99.609,4.355,4.616,10.681,13.01,75.862,158.292,62.075,16.847,17.86,4.91,2.414,3.648,34.063,1.0601,1.3354,1.8849,Neutral
IMG_00010,Deep,98.916,68.861,36.792,99.484,70.017,37.288,9.216,5.07,8.841,14.504,99.181,74.199,29.098,14.051,18.694,2.949,1.948,3.141,-48.192,1.3304,1.4365,2.6885,Warm
IMG_00450,Medium,157.96,120.637,87.625,156.851,122.755,90.975,10.032,4.273,7.009,16.445,66.975,137.531,53.934,12.782,16.887,2.283,2.576,1.887,13.112,1.3212,1.3094,1.8027,Warm
IMG_00256,Fair,214.755,176.016,127.202,216.169,174.131,128.829,8.826,5.091,7.578,16.714,62.53,194.084,76.111,17.585,20.384,4.78,2.385,3.775,52.022,1.1592,1.2201,1.6883,Warm
IMG_00594,Fair,231.975,170.87,150.302,230.998,169.671,148.835,5.741,4.457,7.635,3.78,70.388,204.245,80.096,16.76,9.277,4.422,2.823,2.969,72.868,0.5535,1.3576,1.5434,Cool
IMG_00390,Tan,129.688,99.165,52.924,126.547,99.771,53.558,7.01,6.042,3.892,14.208,122.015,105.58,41.404,12.289,20.087,4.742,2.203,1.706,-23.168,1.6346,1.3078,2.4505,Warm
IMG_00786,Tan,133.293,97.183,69.401,135.189,96.735,68.098,9.212,7.117,10.939,10.992,86.914,110.675,43.402,13.847,14.118,2.218,2.329,1.438,-25.048,1.0196,1.3716,1.9206,Cool
IMG_01085,Medium,172.356,135.072,89.297,173.66,136.205,89.485,8.875,8.232,8.718,12.554,104.503,148.951,58.412,14.15,18.901,4.916,2.698,1.445,23.992,1.3358,1.276,1.9301,Neutral
IMG_00558,Fair,244.261,191.132,162.596,244.102,190.126,161.141,6.631,8.074,5.597,3.58,80.313,219.985,86.269,15.971,11.734,4.283,2.976,3.613,72.072,0.7347,1.278,1.5023,Cool
IMG_00461,Deep,111.468,68.7,50.124,110.875,67.9,50.255,9.378,8.977,7.481,6.956,47.51,83.645,32.802,16.349,9.935,4.359,1.661,1.947,-59.985,0.6077,1.6225,2.2238,Cool
IMG_01244,Medium,158.661,126.476,98.877,157.523,127.988,100.889,7.253,8.974,8.817,11.594,92.198,145.006,56.865,12.417,13.946,2.768,2.495,3.132,26.21,1.1232,1.2545,1.6046,Neutral
IMG_00145,Tan,139.499,115.095,67.723,137.402,114.941,68.861,9.636,6.459,6.099,12.329,71.09,119.398,46.823,12.338,17.978,3.59,1.808,1.734,-10.022,1.4571,1.212,2.0598,Warm
IMG_00502,Medium,185.177,129.854,94.547,186.416,130.852,95.505,7.302,8.85,7.869,10.206,96.44,147.566,57.869,19.212,16.51,2.284,3.252,1.28,25.483,0.8593,1.426,1.9586,Cool
IMG_01247,Medium,194.977,152.52,109.363,194.425,153.402,108.833,4.471,9.225,7.745,9.867,71.476,165.749,65.0,16.29,19.489,5.392,3.441,3.688,37.584,1.1964,1.2784,1.7828,Neutral
IMG_00540,Deep,122.187,89.487,51.807,122.604,89.886,52.479,7.541,4.302,9.777,9.191,77.548,93.258,36.572,14.729,15.348,2.111,3.118,1.565,-41.182,1.0421,1.3654,2.3585,Cool
IMG_00178,Fair,195.336,165.162,116.261,193.959,166.609,117.194,5.204,10.277,6.85,18.192,86.603,179.119,70.243,9.893,20.138,4.006,1.767,2.424,45.148,2.0356,1.1827,1.6802,Warm
IMG_01302,Deep,88.91,60.518,34.441,89.219,59.862,34.545,7.989,9.927,7.69,10.103,60.666,66.68,26.149,12.979,10.43,3.02,1.272,2.074,-66.38,0.8036,1.4691,2.5815,Neutral
IMG_00771,Deep,119.093,68.846,62.736,118.995,69.738,62.745,4.305,8.536,5.602,5.201,70.133,88.39,34.663,17.981,6.867,4.858,2.477,1.483,-65.879,0.3819,1.7298,1.8983,Cool
IMG_01091,Deep,105.122,65.966,39.122,104.421,64.953,41.199,4.669,9.421,9.981,10.765,83.053,76.674,30.068,16.36,13.528,5.022,1.758,2.56,-55.834,0.8269,1.5936,2.687,Neutral
IMG_01114,Fair,211.717,169.64,123.44,212.62,169.252,124.042,4.335,4.929,5.005,13.827,94.525,189.643,74.37,13.007,19.298,2.261,2.87,2.188,51.624,1.4837,1.248,1.7151,Neutral
IMG_00737,Fair,217.616,152.732,122.611,216.847,150.061,122.754,5.489,5.544,9.336,9.209,87.297,182.056,71.394,20.754,12.696,5.576,2.866,2.409,59.313,0.6117,1.4248,1.7749,Cool
IMG_01344,Fair,200.288,163.525,114.155,197.635,161.655,114.968,4.732,10.203,8.492,12.627,73.833,180.618,70.831,15.329,21.395,2.41,3.093,2.039,44.234,1.3958,1.2248,1.7545,Neutral
IMG_00008,Tan,137.695,106.414,61.452,137.016,105.139,62.021,4.326,7.636,8.582,19.086,69.767,110.672,43.401,15.24,16.699,2.066,2.378,1.789,-21.564,1.0957,1.294,2.2407,Warm
IMG_00705,Medium,173.663,128.115,107.63,172.862,128.756,106.244,8.153,9.173,6.708,5.235,95.697,148.092,58.075,13.402,11.538,4.806,2.2,2.286,34.988,0.8609,1.3555,1.6135,Cool
IMG_00668,Medium,179.734,118.474,97.438,177.792,117.811,96.168,8.192,4.444,3.695,7.255,87.252,141.404,55.452,20.378,10.575,2.611,2.642,1.391,27.276,0.5189,1.5171,1.8446,Cool
IMG_01050,Medium,176.518,142.185,112.903,176.785,143.103,111.013,8.071,5.586,4.694,9.329,70.361,161.265,63.241,11.146,13.685,5.321,3.434,2.108,44.056,1.2278,1.2415,1.5634,Neutral
IMG_00358,Medium,160.36,132.722,74.593,161.658,132.54,75.865,10.543,3.769,10.031,12.922,67.635,138.321,54.244,12.999,21.628,4.051,2.116,2.493,11.101,1.6638,1.2082,2.1498,Warm
IMG_00330,Deep,76.997,51.035,28.083,76.261,50.015,27.434,10.812,6.881,6.621,14.491,83.89,56.538,22.172,11.803,12.839,5.911,1.661,1.76,-65.233,1.0877,1.5087,2.7418,Warm
IMG_00888,Medium,190.104,131.237,121.19,190.857,130.404,121.712,5.411,8.552,8.135,10.907,77.646,161.722,63.42,17.478,9.402,2.366,1.46,1.482,54.986,0.5379,1.4486,1.5686,Cool
IMG_01038,Fair,210.614,164.505,121.412,209.261,165.995,122.427,9.238,8.402,9.973,16.968,103.887,183.206,71.845,16.882,18.035,2.722,3.389,1.354,50.458,1.0683,1.2803,1.7347,Neutral
IMG_01348,Fair,213.795,162.127,118.561,212.656,162.515,118.621,5.779,5.828,6.148,5.409,103.351,185.018,72.556,18.126,19.241,3.235,3.451,3.625,49.535,1.0615,1.3187,1.8033,Neutral
IMG_00259,Deep,80.503,60.765,12.059,78.918,58.217,12.407,6.525,6.937,5.906,16.596,111.912,62.491,24.506,12.188,22.338,2.769,1.912,3.735,-48.775,1.8328,1.3248,6.6756,Warm
IMG_01063,Deep,127.902,80.976,54.762,127.733,80.894,55.106,8.912,6.998,5.801,12.028,88.603,94.551,37.079,18.675,13.42,4.127,2.387,1.25,-43.915,0.7186,1.5795,2.3356,Neutral
IMG_00373,Deep,86.156,42.83,19.4,85.295,42.417,19.779,9.218,8.59,3.505,15.679,118.897,51.649,20.255,16.051,11.773,5.747,1.578,1.807,-68.407,0.7334,2.0116,4.4411,Warm
IMG_00978,Tan,154.859,108.787,83.826,154.71,111.198,83.7,6.762,6.121,9.953,10.958,95.203,127.602,50.04,18.44,15.16,4.061,2.432,3.438,0.15,0.8221,1.4235,1.8474,Neutral
IMG_01242,Medium,154.954,126.812,85.933,155.704,125.001,85.436,4.953,7.008,8.346,14.492,93.497,141.972,55.675,10.616,18.338,4.399,2.842,1.348,17.197,1.7273,1.2219,1.8032,Neutral
IMG_00143,Fair,219.496,176.415,133.649,219.58,175.647,132.446,10.373,5.253,8.187,15.384,74.891,196.596,77.096,16.551,19.177,4.287,3.116,3.556,54.712,1.1587,1.2442,1.6423,Warm
IMG_00526,Deep,129.141,69.808,58.477,127.725,68.076,59.243,10.649,3.608,5.547,7.914,94.491,90.533,35.503,18.526,9.855,2.01,2.156,3.094,-55.792,0.532,1.8499,2.2084,Cool
IMG_01230,Tan,142.657,106.848,71.577,144.104,109.264,70.949,8.244,7.764,8.07,11.832,62.409,118.839,46.604,15.893,15.153,4.906,2.722,1.378,-12.634,0.9534,1.3351,1.9931,Neutral
IMG_00827,Medium,202.131,148.02,119.237,203.036,148.888,117.783,9.109,4.628,10.853,5.989,72.904,171.008,67.062,16.874,13.795,4.816,2.933,1.371,51.043,0.8175,1.3656,1.6952,Cool
IMG_00949,Medium,214.377,172.968,124.278,214.005,172.736,125.435,9.566,5.753,9.614,10.05,89.222,191.389,75.055,15.477,18.162,4.2,3.199,3.185,54.062,1.1735,1.2394,1.725,Neutral
IMG_01284,Tan,148.182,111.94,80.026,148.983,111.623,80.696,7.028,5.8,7.099,13.427,92.35,125.273,49.127,14.362,15.275,5.468,1.78,1.463,-3.272,1.0636,1.3238,1.8517,Neutral
IMG_00441,Deep,110.16,78.673,34.816,112.184,78.277,34.719,11.419,6.318,10.177,11.588,110.713,80.422,31.538,13.354,19.107,3.536,2.895,2.437,-44.017,1.4308,1.4002,3.164,Warm
IMG_00532,Deep,106.811,57.134,44.537,104.632,56.154,43.152,10.656,5.669,10.573,2.713,73.218,74.056,29.042,18.898,8.109,2.719,2.724,2.947,-68.848,0.4291,1.8695,2.3982,Cool
IMG_00922,Medium,189.119,155.115,105.134,188.198,152.198,106.44,8.06,5.895,7.763,15.399,94.451,167.963,65.868,14.8,19.894,2.214,2.372,2.157,38.576,1.3442,1.2192,1.7988,Neutral
IMG_00227,Fair,211.713,175.173,122.409,211.586,174.629,121.72,8.971,8.531,4.33,17.629,95.61,195.515,76.672,12.866,21.334,2.142,3.487,1.805,51.345,1.6582,1.2086,1.7296,Warm
IMG_00860,Medium,196.796,142.117,119.01,198.33,141.7,117.957,7.102,5.178,6.293,7.055,47.756,166.608,65.337,17.597,11.009,2.444,3.434,2.692,54.328,0.6256,1.3847,1.6536,Cool
IMG_00229,Medium,158.041,137.93,85.255,156.773,136.66,84.15,11.242,6.951,5.976,13.083,83.138,144.699,56.745,11.762,20.628,2.427,3.393,1.357,18.106,1.7537,1.1458,1.8537,Warm
IMG_01172,Deep,104.289,70.076,48.312,102.416,69.198,47.644,6.888,9.408,8.875,11.961,57.058,82.529,32.364,13.226,13.518,2.402,2.636,1.494,-52.529,1.0221,1.4882,2.1587,Neutral
IMG_00213,Medium,175.342,145.289,104.675,175.533,144.849,104.375,9.847,6.44,7.838,17.31,67.509,160.678,63.011,12.734,19.301,5.33,3.05,3.453,33.984,1.5157,1.2068,1.6751,Warm
IMG_00080,Deep,108.955,79.439,35.563,108.588,79.354,36.147,6.94,3.977,3.694,19.058,105.041,86.417,33.889,13.445,20.256,2.541,3.415,2.629,-38.498,1.5066,1.3716,3.0637,Warm
IMG_00149,Fair,233.648,194.5,134.363,233.832,195.42,132.301,8.934,8.7,9.034,18.194,102.342,213.365,83.673,12.838,26.231,4.086,1.357,2.165,52.081,2.0432,1.2013,1.7389,Warm
IMG_01324,Tan,147.511,106.082,72.866,148.989,106.139,71.682,7.511,3.682,5.954,10.009,88.919,119.727,46.952,16.101,16.954,3.683,2.317,3.616,-10.192,1.053,1.3905,2.0244,Neutral
IMG_00672,Medium,179.673,139.928,113.045,181.288,139.84,112.554,9.39,8.605,8.679,6.655,77.074,159.657,62.611,14.802,9.038,2.456,2.711,1.928,54.371,0.6106,1.284,1.5894,Cool
IMG_01345,Tan,155.839,112.379,79.109,157.737,114.421,80.765,10.647,5.828,5.252,10.321,70.636,126.497,49.607,18.242,13.576,5.331,3.249,2.266,-1.66,0.7442,1.3867,1.9699,Neutral
IMG_00891,Tan,161.589,105.757,85.281,160.306,105.231,83.129,7.103,7.024,5.966,9.969,78.146,125.664,49.28,19.692,10.957,4.651,3.489,1.266,-3.759,0.5564,1.5279,1.8948,Cool
IMG_00744,Deep,104.069,63.486,41.293,105.089,60.643,41.056,7.162,10.382,5.336,7.041,74.758,74.555,29.237,18.423,10.84,3.505,1.893,1.485,-62.433,0.5884,1.6393,2.5203,Cool
IMG_00134,Fair,212.715,182.481,127.794,212.738,181.333,128.361,10.058,4.632,7.077,20.453,70.463,198.058,77.67,9.984,22.869,4.873,1.769,2.866,50.426,2.2905,1.1657,1.6645,Warm
IMG_00987,Medium,193.593,144.65,112.275,192.729,146.208,112.841,11.291,9.398,7.901,13.015,86.613,165.351,64.844,14.658,12.721,3.508,1.4,2.421,49.404,0.8678,1.3384,1.7243,Neutral
IMG_00409,Tan,145.099,112.632,65.933,145.891,112.124,66.179,11.199,6.637,5.558,17.627,94.281,118.51,46.474,14.336,19.944,3.573,2.092,1.946,-10.025,1.3912,1.2883,2.2007,Warm
IMG_00845,Fair,223.923,162.357,134.259,223.198,161.955,132.678,4.105,5.981,9.071,10.201,71.399,187.861,73.671,20.706,13.755,2.312,2.505,2.316,59.839,0.6643,1.3792,1.6678,Cool
IMG_00508,Tan,154.737,111.532,85.219,156.135,110.78,85.17,7.059,10.042,6.741,10.313,82.698,128.027,50.207,15.107,13.073,4.155,2.226,2.669,0.905,0.8654,1.3874,1.8158,Cool
IMG_01069,Deep,132.5,86.028,58.814,130.571,84.613,60.723,10.819,9.267,10.189,14.417,93.599,101.656,39.865,17.836,12.785,5.762,2.228,2.907,-38.404,0.7168,1.5402,2.2529,Neutral
IMG_00505,Deep,122.72,62.375,49.673,123.454,61.873,50.198,11.165,9.119,4.546,8.65,102.418,80.269,31.478,20.236,9.855,5.107,2.639,2.264,-61.984,0.487,1.9674,2.4706,Cool
IMG_00880,Deep,137.354,98.499,73.159,140.033,97.971,74.521,4.706,6.375,7.593,6.445,104.568,109.312,42.868,14.606,13.969,3.848,3.272,3.557,-27.049,0.9564,1.3945,1.8775,Cool
IMG_00348,Fair,201.304,164.402,120.323,201.356,163.648,120.442,7.441,9.625,5.761,11.142,90.849,181.938,71.348,12.514,18.171,2.378,2.944,2.776,49.597,1.452,1.2245,1.673,Warm
IMG_00387,Deep,120.913,106.904,59.794,122.955,106.861,59.791,11.906,6.222,3.856,16.949,90.385,108.233,42.444,10.452,18.969,5.205,2.59,1.716,-21.719,1.8148,1.131,2.0222,Warm
IMG_00001,Medium,165.369,131.41,82.833,164.525,128.842,82.078,8.198,6.524,5.684,18.223,84.544,144.209,56.552,14.202,20.722,4.447,1.521,1.96,17.548,1.4591,1.2584,1.9964,Warm
IMG_00361,Medium,196.862,156.491,96.636,195.378,155.979,96.798,8.002,9.383,8.76,17.557,88.703,169.396,66.43,17.442,26.034,5.156,2.007,2.252,32.255,1.4927,1.258,2.0371,Warm
IMG_01277,Medium,164.309,128.185,103.986,164.971,129.265,104.168,9.314,8.857,7.944,13.257,104.087,148.48,58.228,11.429,13.566,2.958,1.201,3.287,31.237,1.187,1.2818,1.5801,Neutral
IMG_00476,Medium,206.697,160.576,136.036,206.628,160.776,137.307,11.605,7.94,6.154,6.545,86.385,186.011,72.945,15.719,13.129,4.413,1.918,3.566,60.222,0.8352,1.2872,1.5194,Cool
IMG_01157,Fair,229.201,174.2,143.179,230.636,176.107,141.791,4.479,8.193,5.307,11.538,106.291,200.487,78.623,18.828,14.904,3.261,1.651,3.217,62.494,0.7916,1.3157,1.6008,Neutral
IMG_00980,Fair,235.936,188.615,154.371,235.836,189.002,155.697,11.448,10.144,10.619,14.054,85.944,212.836,83.465,12.489,12.402,5.775,3.075,2.98,69.665,0.9931,1.2509,1.5284,Neutral
IMG_00974,Tan,130.434,99.302,59.617,131.353,97.984,60.227,7.464,6.919,3.984,12.304,75.709,109.43,42.914,13.448,16.129,3.944,2.181,3.053,-23.718,1.1994,1.3135,2.1878,Neutral
IMG_00991,Medium,161.653,134.982,97.915,164.207,135.158,97.03,9.509,5.447,6.851,12.224,90.594,148.054,58.061,13.114,14.837,3.716,3.406,1.656,28.513,1.1314,1.1976,1.651,Neutral
IMG_00782,Fair,224.386,160.477,130.099,224.3,159.922,130.645,9.836,5.163,6.069,9.965,61.613,190.426,74.677,20.066,14.299,4.27,1.855,2.183,59.91,0.7126,1.3982,1.7247,Cool
IMG_00173,Medium,177.615,138.235,87.895,177.97,138.685,89.52,5.764,5.027,10.056,14.141,102.228,150.12,58.871,16.129,20.5,2.999,1.805,1.202,23.399,1.271,1.2849,2.0208,Warm
IMG_00451,Deep,147.01,90.141,74.67,148.267,89.006,73.685,10.629,9.26,4.917,7.69,68.326,109.493,42.938,20.465,11.879,4.805,1.868,1.973,-30.731,0.5804,1.6309,1.9688,Cool
IMG_00126,Medium,174.129,138.377,91.663,173.43,139.535,93.146,7.951,6.214,8.245,17.872,92.527,150.57,59.047,14.078,20.708,4.815,1.21,1.634,23.601,1.471,1.2584,1.8997,Warm
IMG_01237,Fair,242.733,191.977,145.978,240.156,191.055,146.28,8.738,3.689,4.179,8.87,86.393,215.583,84.542,15.962,17.761,2.627,1.513,1.875,62.789,1.1127,1.2644,1.6628,Neutral
IMG_00531,Deep,128.968,91.379,63.672,129.755,93.606,63.078,7.193,6.636,9.885,7.013,71.507,102.839,40.329,17.662,14.101,5.103,1.863,2.042,-34.444,0.7984,1.4114,2.0255,Cool
IMG_00714,Fair,223.19,158.348,137.86,221.265,160.598,137.986,8.032,4.922,4.007,5.955,81.968,190.044,74.527,21.402,12.466,2.686,3.464,2.418,63.057,0.5825,1.4095,1.619,Cool
IMG_00091,Deep,79.826,67.102,30.243,81.226,66.414,30.46,8.744,6.241,6.595,14.195,80.291,67.513,26.476,11.066,16.483,4.782,1.207,2.811,-54.983,1.4895,1.1896,2.6395,Warm
IMG_01306,Fair,238.362,193.148,149.104,238.793,193.365,148.85,8.231,7.778,7.372,14.263,63.645,212.58,83.365,16.266,18.726,5.522,1.742,1.886,60.697,1.1512,1.2341,1.5986,Neutral
IMG_00182,Deep,107.465,82.425,50.342,105.608,81.724,51.589,6.874,9.265,9.655,15.09,128.978,90.831,35.62,9.303,16.199,3.909,2.007,2.143,-41.596,1.7413,1.3038,2.1347,Warm
IMG_01048,Medium,193.776,146.733,116.032,195.482,146.478,115.181,9.751,5.691,3.754,8.766,78.096,164.602,64.55,17.538,15.43,5.242,1.496,3.077,43.318,0.8798,1.3206,1.67,Neutral
IMG_00415,Fair,228.012,171.103,132.01,228.026,170.734,132.542,4.696,5.061,4.91,17.015,65.698,197.166,77.32,17.517,20.473,3.712,2.714,1.886,53.153,1.1687,1.3326,1.7272,Warm
IMG_00252,Medium,178.426,141.017,96.127,179.002,142.201,95.272,6.327,6.786,9.934,17.158,86.407,155.198,60.862,15.678,19.826,3.22,1.643,1.536,28.717,1.2646,1.2653,1.8562,Warm
IMG_00070,Fair,195.412,158.643,119.787,193.824,159.821,119.397,5.818,4.012,8.026,19.508,79.755,181.996,71.371,11.088,17.61,4.673,2.625,2.405,50.512,1.5881,1.2318,1.6313,Warm
IMG_00132,Fair,202.167,171.129,122.069,203.535,172.313,121.978,7.105,8.219,5.449,18.82,105.038,186.341,73.075,12.675,20.552,3.381,3.31,1.955,48.31,1.6215,1.1814,1.6562,Warm
IMG_00301,Tan,137.572,103.169,57.931,137.838,102.675,59.172,7.115,10.162,5.898,16.436,103.63,113.045,44.331,14.974,21.693,5.472,3.227,2.11,-14.644,1.4488,1.3335,2.3747,Warm
IMG_01307,Medium,175.82,139.677,100.218,173.792,137.75,99.942,11.385,3.841,6.838,10.052,79.39,157.672,61.832,9.882,16.216,3.058,3.256,1.45,36.117,1.6409,1.2588,1.7544,Neutral
IMG_00327,Fair,214.819,185.914,125.089,214.393,184.355,127.702,8.953,4.616,10.76,15.667,95.446,201.37,78.969,11.139,23.534,5.659,1.584,1.515,50.91,2.1128,1.1555,1.7173,Warm
IMG_01320,Tan,141.582,118.421,78.549,143.829,118.396,80.516,10.491,9.932,8.003,12.725,80.26,128.727,50.481,9.962,15.397,4.926,1.33,2.657,1.791,1.5456,1.1956,1.8025,Neutral
IMG_00997,Tan,134.829,111.789,68.513,135.939,110.036,67.608,4.598,3.802,4.674,11.233,108.125,117.625,46.127,10.999,17.861,4.565,2.118,3.346,-12.234,1.6238,1.2061,1.9679,Neutral
IMG_00500,Fair,216.413,174.34,139.244,215.131,172.568,140.513,10.156,5.214,3.871,7.527,78.619,198.323,77.774,15.903,16.619,5.395,1.223,3.636,59.105,1.045,1.2413,1.5542,Cool
IMG_00967,Tan,148.913,103.767,79.373,148.565,105.243,78.089,6.802,5.395,8.014,8.557,56.423,122.962,48.221,13.795,14.151,5.72,3.17,2.397,-7.167,1.0258,1.4351,1.8761,Neutral
IMG_00365,Medium,159.586,123.115,92.479,159.496,125.106,90.516,9.525,7.094,8.38,14.794,114.791,140.909,55.259,12.225,15.152,5.559,2.213,3.543,19.14,1.2394,1.2962,1.7256,Warm
IMG_00496,Medium,197.741,131.938,112.744,197.205,132.686,113.513,11.784,4.572,5.52,0.0,99.789,161.642,63.389,22.716,11.987,4.362,2.603,1.6,48.164,0.5277,1.4987,1.7539,Cool
IMG_01257,Tan,120.548,89.432,68.996,120.266,89.205,68.883,8.172,7.697,8.756,11.249,81.899,100.372,39.361,13.092,9.314,5.632,1.411,2.06,-48.799,0.7114,1.3479,1.7472,Neutral
IMG_00339,Medium,179.799,142.541,98.01,177.975,143.679,98.279,10.121,6.529,7.131,13.196,110.126,155.621,61.028,11.734,21.125,4.592,1.242,2.9,27.566,1.8003,1.2614,1.8345,Warm
IMG_00422,Medium,181.985,166.419,100.491,181.183,169.62,100.607,6.744,6.375,8.903,15.191,107.646,172.343,67.585,9.455,23.152,4.046,3.37,1.309,37.219,2.4486,1.0935,1.811,Warm
IMG_00165,Medium,173.071,146.177,86.382,171.624,146.625,85.905,9.527,8.38,8.365,18.576,105.049,154.875,60.735,12.063,23.333,3.101,1.559,2.853,24.707,1.9342,1.184,2.0036,Warm
IMG_00029,Fair,197.534,164.478,115.73,196.651,165.173,115.073,4.654,9.615,10.407,10.978,93.165,177.344,69.547,13.079,21.207,2.244,1.837,3.296,42.666,1.6215,1.201,1.7069,Warm
IMG_00517,Fair,214.861,165.798,138.844,215.182,167.1,138.846,7.802,9.482,7.035,3.775,81.21,190.166,74.575,15.007,12.581,5.475,1.871,1.535,62.89,0.8383,1.2959,1.5475,Cool
IMG_00194,Fair,227.991,168.907,128.411,228.515,167.764,127.599,11.475,8.324,9.675,12.623,61.16,196.368,77.007,18.52,20.116,4.225,2.993,1.242,53.319,1.0862,1.3498,1.7755,Warm
IMG_00840,Medium,196.437,144.415,113.218,196.854,146.279,113.266,8.562,7.479,8.618,16.214,91.123,164.392,64.467,15.034,12.671,2.342,2.641,1.93,48.787,0.8428,1.3602,1.735,Cool
IMG_00983,Fair,225.32,191.095,141.003,226.835,194.971,142.113,4.317,5.408,6.506,11.058,80.229,211.813,83.064,11.495,19.054,3.913,2.451,1.915,60.046,1.6576,1.1791,1.598,Neutral
IMG_00170,Medium,167.313,128.134,93.869,166.654,128.713,94.312,4.456,6.43,6.938,15.79,63.028,144.707,56.748,14.27,17.53,4.9,2.521,2.935,21.054,1.2285,1.3058,1.7824,Warm
IMG_00894,Deep,127.848,76.033,59.13,125.807,76.557,59.268,6.027,9.228,10.894,9.678,85.282,93.975,36.853,17.702,8.008,3.025,1.329,3.32,-58.655,0.4524,1.6815,2.1621,Cool
IMG_00653,Deep,98.924,63.474,37.985,98.699,63.201,38.323,5.975,10.34,9.474,10.191,25.0,72.975,28.618,15.346,12.016,3.652,1.548,3.242,-60.665,0.783,1.5585,2.6043,Cool
IMG_00174,Fair,210.976,184.111,134.4,210.751,183.479,136.066,7.745,6.764,9.204,15.932,78.626,201.705,79.1,8.909,20.366,2.618,2.321,2.318,55.013,2.2862,1.1459,1.5698,Warm
IMG_00519,Fair,237.719,174.276,149.417,237.339,174.443,150.433,11.457,6.122,4.106,7.366,72.432,208.249,81.666,21.713,13.992,3.549,2.58,2.535,66.162,0.6444,1.364,1.591,Cool
IMG_01098,Deep,90.949,63.143,32.72,90.513,63.396,33.975,7.162,9.795,5.455,11.45,81.079,67.25,26.373,13.818,14.895,3.573,2.361,3.521,-57.772,1.078,1.4404,2.7796,Neutral
IMG_00968,Deep,96.513,58.432,37.048,98.211,56.31,37.749,7.455,7.398,7.863,12.04,97.101,70.497,27.646,15.558,12.57,5.425,1.909,3.336,-60.651,0.8079,1.6517,2.6051,Neutral
IMG_00492,Deep,118.56,69.57,59.233,120.759,68.814,58.352,7.823,5.064,8.792,7.545,84.499,86.153,33.785,19.398,7.85,2.763,2.472,1.858,-64.166,0.4047,1.7042,2.0016,Cool
IMG_00074,Fair,217.888,188.811,125.654,220.462,188.864,125.478,8.693,4.676,9.027,15.351,117.459,202.422,79.381,11.92,24.088,5.451,1.699,1.449,50.654,2.0209,1.154,1.734,Warm
IMG_01347,Medium,177.907,128.734,102.443,178.513,128.195,101.661,11.242,3.614,5.952,15.761,89.338,152.5,59.804,14.678,13.262,5.774,2.704,2.585,36.474,0.9035,1.382,1.7367,Neutral
IMG_00588,Fair,228.782,168.836,143.921,229.247,169.338,143.325,9.278,5.765,6.059,6.123,75.207,201.299,78.941,17.458,12.792,4.648,2.274,3.311,66.155,0.7327,1.3551,1.5896,Cool
IMG_00977,Medium,177.441,132.066,104.569,178.18,132.227,106.151,8.6,8.264,6.047,12.604,86.821,150.535,59.033,17.591,14.52,3.448,1.923,3.051,31.887,0.8254,1.3436,1.6969,Neutral
IMG_00658,Fair,202.404,158.633,131.844,200.358,156.909,132.504,9.222,4.349,4.816,5.684,71.463,182.614,71.613,15.507,11.436,2.989,3.44,2.233,62.117,0.7374,1.2759,1.5352,Cool
IMG_00235,Fair,219.14,188.463,133.86,219.598,188.3,134.602,5.564,4.664,10.374,14.224,113.061,199.227,78.128,13.03,23.407,3.311,2.056,3.176,50.234,1.7963,1.1628,1.6371,Warm
IMG_00733,Fair,206.937,164.627,141.154,207.008,164.985,140.656,8.522,7.78,4.017,5.217,63.374,188.855,74.061,10.967,9.287,5.458,1.857,2.799,68.893,0.8469,1.257,1.466,Cool
IMG_00215,Fair,230.717,188.772,144.732,228.5,188.916,144.73,8.881,6.917,4.499,16.954,106.067,207.624,81.421,12.127,17.96,3.045,2.164,2.758,60.248,1.481,1.2222,1.5941,Warm
IMG_00163,Deep,105.632,78.386,36.629,106.917,80.81,37.789,4.115,8.85,8.178,14.685,62.383,83.033,32.562,12.392,21.142,5.049,1.29,3.377,-39.516,1.7061,1.3476,2.8838,Warm
IMG_00133,Tan,127.913,102.394,61.788,127.672,100.915,62.325,6.198,9.149,6.947,17.286,95.068,111.291,43.644,13.157,19.086,4.186,2.195,1.314,-18.419,1.4506,1.2492,2.0702,Warm
IMG_00979,Fair,208.14,168.447,132.203,209.241,168.449,130.662,9.613,3.616,4.596,11.988,87.024,189.662,74.377,12.376,17.972,5.319,2.685,2.147,53.601,1.4521,1.2356,1.5744,Neutral
IMG_00925,Medium,179.669,139.338,102.892,178.129,137.982,102.438,6.257,9.695,6.494,10.672,97.206,153.629,60.247,14.569,15.385,3.604,2.132,1.455,33.664,1.056,1.2894,1.7462,Neutral
IMG_01207,Medium,176.499,134.493,91.488,175.661,132.23,91.357,7.367,8.062,7.128,13.509,81.684,149.301,58.55,15.05,16.594,4.789,3.163,1.708,27.259,1.1026,1.3123,1.9292,Neutral
IMG_00186,Fair,228.896,190.028,134.641,230.854,191.469,134.809,9.42,6.499,8.986,16.496,107.469,205.483,80.582,17.361,21.993,5.298,1.537,3.366,54.279,1.2668,1.2045,1.7001,Warm
IMG_00042,Medium,165.666,133.925,76.276,166.522,132.627,77.015,4.796,5.202,8.917,17.588,74.677,142.019,55.694,15.558,23.134,5.423,3.11,2.233,13.827,1.4869,1.237,2.1719,Warm
IMG_00693,Deep,120.182,67.705,63.072,120.125,67.006,64.768,6.682,10.399,7.414,7.126,80.817,87.152,34.177,18.138,7.178,2.563,1.705,2.453,-65.6,0.3957,1.7751,1.9055,Cool
IMG_00109,Deep,125.307,97.493,37.615,125.849,96.005,36.541,4.365,4.48,5.576,16.235,93.1,101.122,39.656,14.845,24.4,5.886,1.962,2.453,-22.974,1.6437,1.2853,3.3313,Warm
IMG_00039,Deep,108.478,86.276,27.572,110.002,85.294,25.769,4.037,5.834,6.486,17.153,84.414,83.115,32.594,15.218,24.454,4.15,3.316,2.1,-35.442,1.6069,1.2573,3.9343,Warm
IMG_00569,Tan,141.971,92.795,77.956,141.363,93.99,78.399,7.875,4.136,4.467,5.228,88.511,114.425,44.873,17.503,9.846,2.958,3.177,3.604,-27.508,0.5625,1.5299,1.8212,Cool
IMG_01256,Deep,86.951,51.068,20.952,86.674,51.854,19.268,4.775,9.055,6.694,15.404,103.403,57.639,22.603,17.584,14.943,5.205,1.827,1.867,-61.39,0.8498,1.7027,4.1501,Neutral
IMG_01144,Fair,212.415,170.921,130.476,213.019,171.235,129.978,10.773,4.423,3.764,10.645,89.14,193.837,76.014,13.349,16.947,3.58,3.453,1.487,56.919,1.2695,1.2428,1.628,Neutral
IMG_01305,Fair,224.647,165.403,138.055,225.885,164.919,137.265,9.723,8.103,4.91,12.416,79.944,194.048,76.097,17.763,12.514,2.447,2.72,2.959,64.383,0.7045,1.3582,1.6272,Neutral
IMG_00484,Medium,183.542,139.427,106.318,184.779,138.548,105.43,11.11,5.182,5.602,11.195,89.128,156.114,61.221,16.769,13.317,2.212,3.03,2.284,40.117,0.7941,1.3164,1.7263,Cool
IMG_00469,Tan,146.235,86.592,75.43,146.089,88.343,77.277,6.824,7.955,9.135,9.76,92.751,112.183,43.994,17.417,9.415,4.714,1.656,2.484,-32.536,0.5406,1.6888,1.9387,Cool
IMG_00025,Deep,106.615,77.597,38.83,108.434,77.972,38.455,6.187,3.895,9.985,15.81,99.961,87.541,34.33,11.086,19.099,5.252,3.499,3.791,-39.369,1.7228,1.374,2.7456,Warm
IMG_00829,Fair,230.489,165.595,154.424,228.064,165.766,154.785,9.55,9.775,4.602,6.762,61.061,198.136,77.7,16.707,6.856,2.919,1.447,1.563,76.098,0.4104,1.3919,1.4926,Cool
IMG_01035,Fair,205.136,165.081,129.304,204.184,163.724,128.092,4.509,5.572,5.913,11.227,72.729,185.786,72.857,12.522,16.978,4.093,2.72,3.148,53.395,1.3559,1.2426,1.5865,Neutral
IMG_00950,Medium,180.285,138.076,103.079,180.806,136.566,102.818,4.716,6.949,10.258,13.474,81.516,154.089,60.427,13.917,17.717,5.508,1.308,1.99,30.479,1.273,1.3057,1.749,Neutral
IMG_01142,Deep,106.88,70.296,42.215,105.719,68.294,41.681,11.984,7.224,6.314,12.287,79.733,80.933,31.738,14.31,11.718,3.543,1.648,2.532,-57.314,0.8188,1.5204,2.5318,Neutral
IMG_00367,Tan,151.341,100.339,69.092,152.536,100.53,71.211,6.219,8.0,8.696,16.241,118.325,119.555,46.884,18.017,18.364,5.484,1.987,3.201,-9.629,1.0193,1.5083,2.1904,Warm
IMG_00506,Medium,203.5,148.207,123.443,202.977,147.744,122.344,9.19,9.598,9.112,6.589,70.517,174.246,68.332,17.058,10.052,5.475,2.434,3.155,61.263,0.5893,1.3731,1.6485,Cool
IMG_01188,Fair,207.85,183.114,136.767,208.557,181.343,136.996,9.304,7.017,6.011,12.206,75.317,202.077,79.246,11.836,15.373,5.306,2.874,2.223,62.271,1.2989,1.1351,1.5197,Neutral
IMG_00384,Medium,183.6,145.157,108.703,181.97,145.324,108.648,5.965,4.265,9.458,14.863,106.143,160.212,62.828,12.419,16.994,2.396,1.824,3.423,37.047,1.3685,1.2648,1.689,Warm
IMG_00735,Deep,98.522,57.837,44.526,98.54,56.909,44.767,9.039,8.686,9.773,10.832,93.677,69.719,27.341,17.656,8.565,2.219,2.985,2.796,-69.295,0.4851,1.7034,2.2127,Cool
IMG_00718,Medium,178.45,134.738,99.189,178.785,134.447,102.286,8.763,5.899,5.195,5.718,75.541,153.277,60.109,16.3,16.278,4.558,2.251,2.24,31.84,0.9986,1.3244,1.7991,Cool
IMG_01201,Fair,218.234,179.854,134.044,215.821,178.835,133.526,4.265,7.472,4.778,16.852,70.631,196.232,76.954,15.849,18.447,2.561,2.633,2.008,55.613,1.1639,1.2134,1.6281,Neutral
IMG_00455,Medium,171.622,127.945,104.971,172.795,127.827,104.748,7.164,5.756,8.078,11.699,77.854,147.371,57.793,17.353,13.592,5.756,2.745,1.394,29.826,0.7833,1.3414,1.6349,Cool
IMG_00265,Medium,170.047,142.586,94.237,171.114,143.02,94.748,4.835,4.519,10.078,12.022,102.262,154.275,60.5,11.729,21.331,4.113,2.275,1.477,26.209,1.8186,1.1926,1.8045,Warm
IMG_01314,Fair,208.326,169.145,134.905,207.723,170.353,133.65,4.465,3.919,6.28,15.404,83.732,189.735,74.406,13.706,16.633,2.78,3.35,2.711,55.725,1.2136,1.2316,1.5442,Neutral
IMG_00233,Fair,192.604,161.621,123.138,191.421,163.307,122.553,5.058,4.877,5.281,18.904,100.357,179.463,70.378,11.062,17.625,3.2,2.678,2.762,49.142,1.5933,1.1917,1.5641,Warm
IMG_00445,Medium,183.295,152.991,101.566,184.884,151.846,102.601,5.112,5.267,8.988,14.979,116.793,161.865,63.476,13.698,19.9,2.659,2.008,1.889,34.107,1.4528,1.1981,1.8047,Warm
IMG_00396,Tan,127.289,99.549,60.915,128.796,98.929,59.687,4.227,9.3,9.412,16.043,80.556,104.648,41.039,12.754,18.68,3.036,2.83,1.759,-25.629,1.4647,1.2787,2.0896,Warm
IMG_00938,Medium,143.573,108.284,78.868,142.098,108.378,79.193,8.292,6.673,10.172,15.85,90.29,121.896,47.802,14.786,10.081,4.785,3.267,3.044,-12.298,0.6818,1.3259,1.8204,Neutral
IMG_00177,Tan,128.115,106.645,65.732,129.305,107.891,64.426,10.785,10.13,10.136,16.431,107.51,115.232,45.189,10.85,20.379,4.956,1.838,1.932,-13.283,1.8783,1.2013,1.9491,Warm
IMG_00019,Medium,193.381,155.394,112.22,195.676,156.672,110.07,11.164,6.224,3.581,16.576,95.219,171.389,67.211,12.533,19.857,5.622,1.41,2.03,40.918,1.5844,1.2445,1.7232,Warm
IMG_01208,Medium,179.886,145.219,96.9,181.536,144.715,98.323,5.757,9.906,6.7,16.427,89.075,159.376,62.5,12.883,19.717,4.615,1.277,2.277,32.374,1.5305,1.2387,1.8564,Neutral
IMG_00889,Medium,185.291,148.019,110.634,185.142,148.085,108.748,6.647,5.316,9.075,10.863,33.11,162.969,63.909,12.051,14.191,3.439,3.148,2.053,44.425,1.1776,1.2518,1.6748,Cool
IMG_00342,Tan,130.876,106.428,56.64,131.234,107.372,55.968,10.031,5.033,6.823,14.216,101.603,109.649,43.0,14.221,21.321,4.471,2.971,1.47,-18.176,1.4993,1.2297,2.3107,Warm
IMG_00863,Medium,187.902,146.965,114.98,189.95,146.315,115.793,9.281,8.636,10.228,7.686,102.807,166.844,65.429,14.872,11.264,3.73,1.583,2.029,53.868,0.7574,1.2786,1.6342,Cool
IMG_00596,Tan,156.781,102.776,90.458,156.407,103.158,90.433,6.571,10.427,4.683,8.289,79.524,124.917,48.987,18.527,8.471,4.065,3.024,2.325,-6.82,0.4572,1.5255,1.7332,Cool
IMG_00062,Tan,161.496,114.861,82.58,161.734,115.488,81.892,4.653,3.922,5.353,18.898,98.557,129.351,50.726,15.809,18.22,2.638,3.205,1.77,2.281,1.1525,1.406,1.9556,Warm
IMG_00273,Medium,176.972,147.208,97.45,178.603,146.783,96.077,11.566,8.238,5.762,15.353,100.279,158.756,62.257,13.088,21.723,2.753,1.899,1.442,29.433,1.6598,1.2022,1.816,Warm
IMG_01093,Fair,204.174,167.596,123.502,204.949,166.469,123.671,7.283,4.026,9.125,13.935,80.193,187.381,73.483,12.205,18.413,5.151,2.521,1.433,51.899,1.5087,1.2182,1.6532,Neutral
IMG_01312,Fair,215.632,159.367,133.758,216.239,160.915,135.351,7.62,8.735,5.763,15.668,93.493,188.316,73.849,16.361,14.819,2.852,1.631,2.133,58.146,0.9057,1.3531,1.6121,Neutral
IMG_00279,Medium,177.323,150.181,91.923,176.443,149.378,90.872,7.288,7.73,8.225,15.762,119.746,157.007,61.571,13.522,23.789,3.67,1.532,1.443,25.939,1.7593,1.1807,1.929,Warm
IMG_01049,Fair,244.11,193.188,152.758,244.004,193.022,152.759,10.499,9.36,3.614,9.799,84.503,218.397,85.646,15.422,16.835,5.817,2.99,3.197,64.719,1.0917,1.2636,1.598,Neutral
IMG_00695,Medium,193.766,139.942,110.296,191.271,140.183,111.367,7.942,9.724,6.098,12.696,74.879,160.366,62.889,19.474,12.558,3.477,3.244,2.407,45.744,0.6449,1.3846,1.7568,Cool
IMG_00369,Medium,170.809,133.171,82.651,169.89,133.058,82.488,10.096,7.262,9.806,18.817,87.0,144.615,56.712,16.365,21.884,2.134,2.044,1.816,17.051,1.3372,1.2826,2.0666,Warm
IMG_01243,Tan,143.087,105.288,74.509,146.331,106.951,76.166,7.195,5.04,4.751,11.21,81.381,118.458,46.454,16.118,14.471,2.692,1.643,3.182,-13.769,0.8978,1.359,1.9204,Neutral
IMG_00037,Fair,231.543,189.925,138.202,230.273,189.309,138.407,9.778,8.54,8.309,17.824,118.166,211.125,82.794,14.384,21.255,4.776,2.448,1.855,57.052,1.4776,1.2191,1.6754,Warm
IMG_00736,Medium,176.511,134.501,108.718,175.206,134.056,108.631,7.989,4.835,7.645,11.703,92.142,151.925,59.578,13.926,12.682,3.63,2.097,3.305,37.062,0.9107,1.3123,1.6236,Cool
IMG_01199,Fair,217.078,174.439,138.473,218.818,174.424,137.794,10.48,7.658,10.816,14.254,96.156,197.186,77.328,13.225,15.54,3.91,2.982,3.197,60.374,1.175,1.2444,1.5677,Neutral
IMG_00663,Tan,150.379,108.103,86.035,148.277,109.457,86.096,7.575,4.712,3.859,10.499,92.274,124.834,48.954,14.517,10.781,2.986,1.529,2.651,-5.54,0.7426,1.3911,1.7479,Cool
IMG_00924,Fair,234.285,185.371,143.398,232.483,182.89,142.015,11.425,7.152,4.941,17.296,92.809,210.886,82.7,16.072,18.184,3.064,2.083,2.82,60.923,1.1314,1.2639,1.6338,Neutral
IMG_00975,Fair,204.096,162.074,122.185,202.12,162.043,120.15,10.161,4.427,9.242,15.258,60.673,185.538,72.76,13.683,19.079,5.276,1.487,3.74,50.029,1.3943,1.2593,1.6704,Neutral
IMG_00548,Deep,119.713,77.515,52.456,121.501,77.386,54.383,8.461,7.537,4.742,11.729,91.597,91.819,36.008,14.959,11.479,3.611,1.99,2.242,-50.635,0.7674,1.5444,2.2822,Cool
IMG_01078,Medium,185.061,138.645,92.899,184.768,137.147,93.148,6.371,4.462,7.005,7.956,94.165,153.082,60.032,18.002,19.496,2.624,2.265,1.775,27.229,1.083,1.3348,1.9921,Neutral
IMG_00689,Fair,219.264,176.682,135.155,219.974,176.455,135.874,11.218,3.848,7.431,6.587,48.113,195.92,76.831,16.283,15.774,2.131,2.277,3.502,59.55,0.9687,1.241,1.6223,Cool
IMG_00739,Medium,187.726,128.744,114.129,186.657,128.193,115.396,5.755,9.086,5.103,7.237,77.088,155.144,60.841,20.669,10.203,3.069,1.736,2.539,46.735,0.4937,1.4581,1.6449,Cool
IMG_00192,Fair,207.53,172.026,127.736,208.26,170.265,127.135,9.132,5.319,10.146,15.142,97.845,191.853,75.236,10.96,17.139,5.583,1.884,1.798,55.818,1.5638,1.2064,1.6247,Warm
IMG_00457,Fair,243.449,182.881,143.542,243.018,184.313,143.373,8.272,6.154,6.052,8.116,98.941,209.754,82.256,20.49,17.372,4.483,3.249,2.49,61.695,0.8478,1.3312,1.696,Cool
IMG_00394,Fair,235.687,187.167,132.511,234.043,188.445,132.202,11.306,9.085,10.411,15.854,88.555,207.832,81.503,15.694,24.975,5.914,1.225,2.819,51.593,1.5914,1.2592,1.7786,Warm
IMG_00676,Tan,148.759,94.596,81.806,149.452,95.367,81.346,10.506,7.999,6.935,9.217,106.836,115.043,45.115,18.325,9.351,5.459,3.33,1.262,-27.584,0.5103,1.5726,1.8184,Cool
IMG_00761,Deep,108.525,72.098,47.772,108.875,72.13,47.758,7.04,3.813,6.013,10.157,77.61,84.375,33.088,16.867,12.225,3.566,3.477,1.741,-54.138,0.7248,1.5052,2.2717,Cool
IMG_01329,Medium,167.826,136.572,95.132,168.645,137.503,93.22,5.466,7.595,6.561,9.579,81.695,150.117,58.869,11.547,16.922,4.618,3.391,2.575,27.66,1.4655,1.2288,1.7641,Neutral
IMG_00729,Fair,220.241,167.771,138.483,218.461,168.19,141.147,7.149,5.409,3.525,12.738,76.373,195.306,76.591,18.863,13.146,4.879,3.118,2.227,63.692,0.6969,1.3128,1.5904,Cool
IMG_00420,Medium,154.303,139.442,83.066,154.265,137.003,81.48,4.702,8.177,10.219,18.351,71.852,138.707,54.395,11.99,22.76,2.231,1.524,3.063,10.929,1.8983,1.1066,1.8576,Warm
IMG_00376,Fair,210.193,186.783,129.953,208.876,189.533,132.194,6.863,3.559,9.794,12.852,86.422,201.482,79.012,7.532,21.447,2.128,3.362,3.519,53.526,2.8474,1.1253,1.6174,Warm
IMG_00413,Medium,184.843,143.223,105.984,182.658,144.648,108.015,4.729,8.53,5.103,14.795,99.726,167.465,65.673,14.319,16.653,2.788,2.149,1.792,43.263,1.163,1.2906,1.7441,Warm
IMG_00075,Medium,162.485,133.239,75.214,162.848,132.598,73.266,7.235,6.497,8.882,12.292,100.659,139.873,54.852,14.089,23.537,4.77,3.48,1.534,11.649,1.6706,1.2195,2.1603,Warm
IMG_01264,Fair,217.829,178.837,132.325,217.491,178.708,132.494,10.921,5.574,8.709,11.481,109.46,198.086,77.681,14.292,18.336,5.281,3.273,1.476,56.479,1.283,1.218,1.6462,Neutral
IMG_01210,Medium,200.444,162.889,129.986,197.89,161.992,130.659,6.026,3.748,9.77,13.147,99.14,180.182,70.66,11.905,13.827,5.586,1.574,3.246,56.207,1.1615,1.2306,1.542,Neutral
IMG_00501,Fair,222.147,174.682,140.017,219.851,175.426,142.417,7.454,6.671,7.347,4.844,53.606,197.369,77.4,14.689,12.893,4.852,1.829,1.516,64.8,0.8778,1.2717,1.5866,Cool
IMG_00826,Fair,240.195,188.018,153.981,237.531,189.469,153.182,11.726,5.195,8.909,6.443,63.179,216.373,84.852,14.258,14.538,5.02,1.708,2.503,67.357,1.0196,1.2775,1.5599,Cool
IMG_01132,Tan,157.587,119.695,83.076,157.524,120.089,83.483,6.354,7.608,5.822,13.391,102.909,134.672,52.813,15.393,16.25,4.742,3.091,2.293,9.82,1.0557,1.3166,1.8969,Neutral
IMG_00617,Fair,235.355,174.244,144.674,236.85,172.714,145.226,8.156,7.924,9.505,4.492,78.252,206.338,80.917,17.248,12.026,3.808,3.08,2.588,68.745,0.6972,1.3507,1.6268,Cool
IMG_00115,Medium,169.092,134.65,85.545,171.362,134.095,85.49,6.49,8.24,8.043,15.645,69.572,145.713,57.142,12.554,20.195,3.458,1.701,3.769,19.477,1.6087,1.2558,1.9766,Warm
IMG_00418,Fair,215.479,176.92,133.23,219.714,176.071,132.583,5.196,4.227,4.427,12.752,127.5,196.213,76.946,13.897,19.619,2.404,2.602,1.711,53.943,1.4117,1.2179,1.6174,Warm
IMG_00602,Fair,222.114,163.63,147.463,221.833,162.535,148.305,8.601,8.667,7.176,9.627,86.815,196.455,77.041,18.18,10.243,2.115,1.348,2.599,69.254,0.5634,1.3574,1.5062,Cool
IMG_00605,Medium,177.037,123.256,104.338,179.301,121.455,104.471,5.683,7.149,10.41,10.096,93.195,147.145,57.704,19.736,13.26,4.558,1.598,2.975,30.155,0.6719,1.4363,1.6968,Cool
IMG_01293,Deep,104.399,69.272,47.611,106.009,68.617,47.397,11.188,5.594,6.405,12.232,59.692,79.169,31.047,14.353,12.57,5.788,1.663,2.704,-56.448,0.8757,1.5071,2.1927,Neutral
IMG_00090,Deep,100.556,69.594,31.867,101.09,68.652,32.645,6.843,8.987,7.657,14.723,105.594,73.516,28.83,13.04,15.68,2.021,2.95,1.292,-53.474,1.2024,1.4449,3.1555,Warm
IMG_00849,Medium,191.528,131.723,121.456,191.689,129.444,120.821,8.382,10.098,4.748,7.803,80.13,160.467,62.928,18.874,9.754,3.169,1.55,3.26,52.965,0.5168,1.454,1.5769,Cool
IMG_01036,Deep,94.017,63.674,23.428,93.637,61.823,24.491,10.199,9.481,6.653,11.494,49.374,67.971,26.655,13.194,16.875,4.671,1.335,2.577,-54.138,1.279,1.4765,4.013,Neutral
IMG_01292,Tan,161.091,117.57,87.902,162.94,118.524,89.244,7.54,7.278,6.971,15.267,70.379,136.723,53.617,16.835,15.683,4.012,1.668,3.55,12.987,0.9316,1.3702,1.8326,Neutral
IMG_00754,Deep,115.116,72.096,56.435,115.778,71.907,56.364,8.51,4.038,9.499,7.654,98.723,89.336,35.034,15.304,7.849,5.701,3.211,2.089,-62.325,0.5129,1.5967,2.0398,Cool
IMG_00499,Tan,143.586,90.13,70.906,146.711,91.172,71.316,11.292,4.632,6.267,7.898,91.461,105.716,41.457,16.527,10.142,3.696,2.029,3.276,-40.108,0.6136,1.5931,2.025,Cool
IMG_01068,Deep,124.613,84.622,58.151,122.762,85.021,56.676,9.994,4.011,8.447,13.414,75.238,98.617,38.673,17.126,13.167,4.864,2.704,3.178,-40.702,0.7689,1.4726,2.1429,Neutral
IMG_01074,Fair,203.562,162.356,119.342,203.136,161.45,121.618,7.639,7.364,5.084,9.652,60.862,181.214,71.064,15.371,17.319,2.107,2.855,1.252,50.574,1.1267,1.2538,1.7057,Neutral
IMG_01240,Medium,178.433,138.467,100.915,178.65,139.302,100.934,6.412,8.96,7.441,11.534,85.144,155.047,60.803,15.604,16.317,5.826,2.306,2.96,33.507,1.0457,1.2886,1.7682,Neutral
IMG_00012,Deep,112.418,81.204,53.425,112.88,81.633,54.098,8.56,4.18,8.113,15.018,110.415,92.645,36.332,11.637,14.619,5.96,1.522,2.548,-43.075,1.2563,1.3844,2.1042,Warm
IMG_00397,Medium,147.772,110.027,77.312,147.604,110.173,79.307,7.96,4.417,8.722,19.446,108.309,122.354,47.982,16.13,15.454,2.824,2.215,1.369,-7.439,0.9581,1.343,1.9114,Warm
IMG_01186,Medium,184.681,137.981,101.249,185.101,138.752,101.717,8.455,8.792,5.499,12.084,79.938,161.2,63.216,14.74,16.788,3.534,1.817,3.333,38.21,1.139,1.3385,1.824,Neutral
IMG_00556,Deep,106.91,71.68,68.323,106.339,72.943,66.112,6.156,4.201,6.143,11.843,102.626,89.71,35.18,14.679,6.592,3.612,1.238,3.318,-66.019,0.4491,1.4915,1.5648,Cool
IMG_00043,Fair,197.244,156.858,110.981,198.41,156.821,110.578,7.275,7.364,6.771,14.204,118.684,174.639,68.486,17.382,17.875,3.178,3.381,3.185,45.962,1.0284,1.2575,1.7773,Warm
IMG_00842,Tan,144.362,97.944,73.833,142.767,98.444,73.371,6.743,5.787,5.322,9.067,69.527,113.484,44.504,18.207,10.508,4.435,3.271,1.998,-27.612,0.5772,1.4739,1.9552,Cool
IMG_00168,Fair,210.373,171.651,123.319,210.031,172.701,122.539,5.34,4.531,10.798,15.547,81.562,192.422,75.459,12.364,21.046,5.037,3.426,2.343,50.422,1.7022,1.2256,1.7059,Warm
IMG_00417,Deep,83.394,55.495,30.478,80.756,54.436,30.421,5.718,5.992,5.631,17.564,112.837,61.384,24.072,13.4,15.464,2.704,2.91,1.855,-59.187,1.154,1.5027,2.7362,Warm
IMG_00577,Medium,207.552,146.112,134.908,206.78,147.269,135.45,5.492,4.74,10.048,8.928,70.969,175.928,68.991,20.148,8.203,4.971,2.717,2.258,66.639,0.4071,1.4205,1.5385,Cool
IMG_00835,Deep,100.364,68.064,51.207,100.396,68.259,51.085,4.708,8.607,8.015,5.875,81.83,75.55,29.627,13.986,10.855,4.646,3.267,3.238,-61.95,0.7761,1.4745,1.96,Cool
IMG_00268,Medium,189.586,150.938,109.874,188.227,148.801,107.198,5.002,8.089,3.798,19.013,75.451,166.167,65.164,12.728,15.167,4.391,3.2,3.516,44.993,1.1916,1.256,1.7255,Warm
IMG_01024,Deep,83.251,57.484,30.604,83.432,59.22,32.13,11.44,7.879,4.88,12.111,89.644,67.159,26.337,13.885,13.855,4.25,1.506,1.246,-59.651,0.9978,1.4483,2.7203,Neutral
IMG_00427,Medium,178.328,140.429,90.838,177.595,139.82,92.093,8.755,7.655,4.731,21.644,96.935,153.368,60.144,16.255,22.762,2.494,3.454,2.224,24.021,1.4003,1.2699,1.9631,Warm
IMG_00691,Tan,148.979,124.794,87.211,149.422,122.187,88.806,6.617,5.803,7.986,7.83,85.438,135.936,53.308,10.498,14.759,2.734,1.855,2.283,12.634,1.4058,1.1938,1.7083,Cool
IMG_00545,Fair,211.454,162.958,131.64,210.517,162.642,129.976,8.242,8.429,5.451,5.819,87.492,185.413,72.711,16.844,11.942,5.768,2.419,3.361,62.263,0.709,1.2976,1.6063,Cool
IMG_01265,Tan,140.173,113.526,73.701,141.887,114.462,73.747,9.899,9.305,4.287,11.7,94.361,121.95,47.823,11.751,16.618,4.345,1.528,1.974,-7.462,1.4142,1.2347,1.9019,Neutral
IMG_00675,Deep,112.04,65.188,51.665,110.641,67.416,51.643,6.777,7.433,6.75,8.384,73.467,79.93,31.345,19.115,8.15,3.836,3.43,1.97,-66.401,0.4264,1.7187,2.1686,Cool
IMG_00690,Tan,141.756,102.904,85.85,142.432,100.889,84.4,10.285,10.093,10.077,5.116,74.079,124.239,48.721,16.62,10.137,2.835,2.341,2.104,-7.191,0.6099,1.3775,1.6512,Cool
IMG_01191,Fair,232.785,194.531,153.552,232.943,192.17,155.46,8.768,6.804,5.583,16.786,60.843,215.12,84.361,13.856,18.827,5.811,1.399,3.641,61.281,1.3588,1.1966,1.516,Neutral
IMG_00852,Medium,173.429,115.174,97.026,173.011,116.444,96.651,4.44,10.087,7.706,7.546,76.042,138.429,54.286,19.007,11.691,4.635,2.046,3.233,20.133,0.6151,1.5058,1.7875,Cool
IMG_01322,Tan,142.923,105.081,76.122,144.536,104.198,77.319,10.413,7.813,4.677,15.175,77.366,118.402,46.432,15.284,15.497,5.413,2.643,3.3,-12.965,1.014,1.3601,1.8776,Neutral
IMG_00160,Fair,220.531,189.333,133.769,222.354,189.539,134.433,10.575,8.117,9.472,15.185,69.7,204.509,80.2,11.103,19.954,3.088,2.792,1.887,56.546,1.7972,1.1648,1.6486,Warm
IMG_00896,Deep,121.141,73.994,58.188,121.565,73.815,56.85,10.207,7.911,10.867,7.735,72.381,87.365,34.261,19.44,10.266,4.743,3.444,1.349,-56.885,0.5281,1.6372,2.0819,Cool
IMG_01075,Fair,224.596,195.304,146.124,224.837,195.226,145.264,8.117,8.693,8.622,13.359,75.318,213.385,83.68,9.135,18.448,5.4,1.696,3.16,61.289,2.0195,1.15,1.537,Neutral
IMG_00258,Deep,110.425,85.791,48.551,109.36,86.702,48.201,7.156,9.569,5.33,16.514,113.638,89.56,35.121,13.961,15.581,5.867,3.404,1.844,-43.679,1.116,1.2871,2.2744,Warm
IMG_01053,Fair,208.928,170.44,125.917,208.737,169.675,126.611,6.327,3.957,4.114,10.481,74.068,187.343,73.468,13.485,15.109,2.504,3.122,2.91,57.225,1.1204,1.2258,1.6592,Neutral
IMG_00336,Deep,94.403,65.928,27.903,97.404,67.955,29.907,4.321,10.39,6.376,18.843,81.515,68.204,26.747,13.106,17.365,2.609,2.733,1.939,-53.249,1.325,1.4319,3.3832,Warm
IMG_01269,Tan,141.676,96.803,68.896,139.751,96.354,69.325,10.437,7.549,3.779,13.042,104.889,114.307,44.826,14.333,11.472,5.372,1.318,1.644,-24.274,0.8004,1.4636,2.0564,Neutral
IMG_00016,Fair,237.278,192.3,134.54,236.049,194.03,132.817,5.386,6.537,6.489,16.976,108.943,214.957,84.297,16.287,20.475,4.463,2.661,1.318,59.164,1.2571,1.2339,1.7636,Warm
IMG_00516,Medium,184.25,128.522,101.136,182.615,128.619,102.55,7.952,3.887,10.66,9.596,107.162,149.527,58.638,20.366,13.151,2.514,2.804,2.516,33.298,0.6457,1.4336,1.8218,Cool
IMG_00325,Medium,185.144,153.256,98.01,184.317,153.306,97.727,6.535,6.772,5.642,16.781,117.95,167.142,65.546,11.492,21.764,5.846,1.92,1.455,35.539,1.8937,1.2081,1.889,Warm
IMG_00769,Deep,111.999,82.396,53.263,112.973,84.785,55.443,6.243,4.486,8.628,3.872,82.503,90.754,35.59,13.042,15.053,3.249,3.292,2.945,-43.749,1.1542,1.3593,2.1028,Cool
IMG_00608,Medium,180.952,127.587,104.784,180.89,128.772,105.335,11.158,5.24,4.185,8.35,83.816,148.088,58.074,18.395,8.173,5.0,1.604,2.167,44.649,0.4443,1.4183,1.7269,Cool
IMG_01189,Deep,117.435,88.661,58.476,119.906,88.886,59.602,4.412,5.049,5.336,13.299,88.213,97.845,38.371,12.986,14.807,3.351,1.3,3.553,-38.145,1.1403,1.3245,2.0083,Neutral
IMG_00998,Deep,118.915,76.235,57.685,116.834,75.258,56.953,6.063,8.329,5.818,8.95,87.997,88.416,34.673,17.348,12.227,5.376,1.7,1.238,-51.419,0.7048,1.5598,2.0615,Neutral
IMG_00932,Medium,177.263,139.059,90.442,178.194,138.352,89.387,10.376,9.089,9.316,11.911,83.516,152.704,59.884,16.5,19.168,4.099,1.855,3.305,27.277,1.1617,1.2747,1.96,Neutral
IMG_00906,Fair,255.0,205.879,166.284,255.242,204.727,166.014,4.942,9.913,8.225,8.612,73.299,233.844,91.703,13.991,15.493,5.373,3.266,2.365,69.619,1.1074,1.2386,1.5335,Neutral
IMG_00223,Deep,110.659,69.788,40.506,109.948,70.166,41.073,9.763,7.078,8.032,18.31,101.1,81.812,32.083,17.474,17.19,3.844,3.106,3.357,-46.186,0.9837,1.5857,2.7319,Warm
IMG_00180,Tan,121.111,94.395,53.165,123.496,95.047,53.405,5.315,4.316,7.6,11.995,99.861,103.175,40.461,14.276,17.311,5.61,1.991,3.106,-28.857,1.2126,1.283,2.278,Warm
IMG_01318,Fair,235.497,192.078,151.725,233.152,192.363,151.419,7.555,4.399,10.304,11.224,91.541,213.238,83.623,13.552,15.91,4.278,3.225,3.342,64.678,1.174,1.2261,1.5521,Neutral
IMG_00100,Medium,187.923,147.515,103.89,189.46,147.113,103.406,11.321,7.231,4.685,18.022,82.973,160.705,63.022,13.749,16.946,4.784,3.025,2.024,37.539,1.2325,1.2739,1.8089,Warm
IMG_00837,Tan,145.812,91.815,78.912,147.364,90.978,80.609,7.133,4.024,7.064,10.772,66.682,113.434,44.484,18.639,9.076,3.687,2.222,1.318,-31.289,0.4869,1.5881,1.8478,Cool
IMG_00758,Fair,229.877,175.881,152.381,229.818,175.765,154.316,11.586,4.311,6.01,8.797,53.46,205.484,80.582,14.525,13.449,3.278,1.548,3.307,66.261,0.926,1.307,1.5086,Cool
IMG_00522,Fair,248.089,177.641,150.027,247.349,179.013,150.249,5.787,4.066,10.062,5.219,61.316,210.615,82.594,20.989,15.593,5.435,2.128,3.026,64.434,0.7429,1.3966,1.6536,Cool
IMG_00762,Tan,158.519,108.777,92.678,158.089,110.214,92.13,7.679,4.971,9.991,8.06,102.191,127.61,50.043,16.835,8.782,3.671,2.926,2.625,0.281,0.5216,1.4573,1.7104,Cool
IMG_00023,Fair,225.423,190.652,125.62,223.68,191.593,125.431,11.209,3.818,5.607,16.894,87.225,199.235,78.131,13.62,27.44,5.802,3.248,2.385,45.713,2.0147,1.1824,1.7945,Warm
IMG_00357,Medium,164.258,130.229,79.765,162.589,129.65,79.594,7.497,5.375,8.03,19.889,109.111,141.678,55.56,16.201,21.165,5.485,3.497,2.78,14.719,1.3064,1.2613,2.0593,Warm
IMG_00734,Fair,233.708,182.442,148.799,233.312,182.317,147.126,7.505,6.012,7.747,14.311,85.934,213.381,83.679,17.01,13.205,2.952,3.474,2.502,68.59,0.7763,1.281,1.5706,Cool
IMG_01121,Medium,175.589,140.785,100.37,175.475,139.603,97.849,9.0,8.52,6.734,7.848,70.45,155.083,60.817,14.673,17.079,2.08,2.686,2.843,32.348,1.1639,1.2472,1.7494,Neutral
IMG_01251,Fair,209.61,168.221,128.792,207.307,167.617,129.647,11.981,7.62,5.821,12.679,88.922,187.771,73.636,14.11,15.271,4.694,3.143,1.646,57.134,1.0823,1.246,1.6275,Neutral
IMG_00612,Medium,186.789,133.803,114.644,186.218,133.066,113.654,6.986,6.423,5.754,8.811,63.419,160.801,63.059,17.615,9.139,4.626,3.313,2.242,55.014,0.5188,1.396,1.6293,Cool
IMG_01149,Deep,121.813,72.64,60.968,121.564,71.788,61.984,10.857,9.539,7.391,12.799,119.072,89.799,35.215,19.613,9.384,3.39,2.671,2.359,-57.596,0.4785,1.6769,1.998,Neutral
IMG_00341,Medium,173.852,146.639,96.424,176.245,146.092,96.364,7.856,3.993,5.586,16.333,96.701,157.425,61.735,12.588,22.581,3.298,3.374,1.935,27.46,1.7938,1.1856,1.803,Warm
IMG_00432,Medium,182.242,154.57,105.839,181.721,154.047,104.829,7.634,8.537,4.306,13.846,97.94,166.642,65.35,8.292,21.612,5.384,2.892,1.75,35.384,2.6066,1.179,1.7219,Warm
IMG_00988,Fair,226.678,185.519,142.869,225.87,183.666,144.03,9.511,4.433,7.265,10.528,54.149,206.39,80.937,13.008,17.908,5.123,1.703,3.465,59.936,1.3767,1.2219,1.5866,Neutral
IMG_00218,Tan,136.678,102.504,52.19,137.886,104.964,52.191,11.038,3.845,5.233,21.068,68.37,106.456,41.748,15.85,20.35,5.59,1.789,1.774,-22.073,1.2839,1.3334,2.6189,Warm
IMG_00912,Medium,181.85,145.149,107.243,182.779,145.84,106.033,11.227,10.491,10.395,10.666,86.498,158.934,62.327,13.864,13.77,5.112,3.068,2.692,41.836,0.9932,1.2528,1.6957,Neutral
IMG_00204,Deep,94.811,67.071,28.793,92.787,66.44,29.006,4.921,9.683,6.611,16.173,56.683,72.918,28.595,12.194,17.374,3.549,2.717,2.349,-50.935,1.4248,1.4136,3.2929,Warm
IMG_01089,Medium,189.347,145.274,108.973,188.059,143.865,109.086,6.782,5.558,7.064,9.753,80.784,159.181,62.424,16.719,14.776,2.86,1.854,1.361,40.057,0.8838,1.3034,1.7375,Neutral
IMG_01100,Deep,117.433,83.736,54.637,118.302,81.911,56.753,10.65,5.69,8.612,12.832,69.639,91.911,36.044,16.432,14.729,3.217,2.9,2.404,-43.457,0.8964,1.4024,2.1493,Neutral
IMG_00094,Medium,181.643,135.592,87.889,181.466,134.188,84.442,6.074,6.508,10.045,14.925,74.847,152.447,59.783,17.646,24.141,5.368,1.628,3.287,22.06,1.3681,1.3396,2.0667,Warm
IMG_01009,Deep,102.958,70.842,39.105,102.637,71.985,38.462,6.194,7.078,10.844,10.95,61.676,78.825,30.912,13.859,14.765,2.497,2.057,3.623,-52.277,1.0654,1.4534,2.6329,Neutral
IMG_00069,Medium,174.564,139.577,86.451,176.112,139.264,86.596,7.233,5.789,8.507,15.445,101.131,147.679,57.913,14.153,22.646,5.231,2.953,3.274,19.262,1.6001,1.2507,2.0192,Warm
IMG_01180,Medium,170.37,134.375,94.246,171.051,132.722,92.385,8.343,5.314,6.161,13.698,91.944,146.762,57.554,13.467,19.047,5.576,1.329,2.738,21.633,1.4143,1.2679,1.8077,Neutral
IMG_00285,Fair,220.041,185.154,128.978,220.629,185.811,129.657,10.487,6.302,10.604,16.272,68.072,198.774,77.951,12.381,20.526,3.626,2.975,2.458,53.708,1.6578,1.1884,1.706,Warm
IMG_00697,Deep,130.512,76.824,74.948,129.743,78.132,73.606,10.689,8.247,8.634,8.607,45.286,97.461,38.22,18.234,6.894,2.869,3.464,3.388,-59.664,0.3781,1.6989,1.7414,Cool
IMG_00086,Fair,237.222,189.281,142.213,236.314,189.828,144.811,8.997,6.174,5.043,13.697,104.66,208.704,81.845,16.141,20.405,2.486,2.615,3.214,57.349,1.2642,1.2533,1.6681,Warm
IMG_00435,Medium,179.591,133.524,88.165,181.015,131.254,87.398,9.617,7.093,10.041,13.733,73.606,147.619,57.89,16.056,19.412,3.156,1.398,3.635,22.119,1.2091,1.345,2.037,Warm
IMG_01019,Tan,160.152,121.468,77.316,157.74,121.558,76.857,7.417,3.674,3.995,13.42,62.219,131.137,51.426,16.719,17.669,4.595,3.419,2.635,4.615,1.0569,1.3185,2.0714,Neutral
IMG_00154,Medium,176.057,144.9,103.142,178.564,141.737,103.146,7.326,6.503,7.557,21.339,102.793,159.885,62.7,13.023,19.745,4.786,2.815,1.646,32.749,1.5162,1.215,1.7069,Warm
IMG_00076,Fair,218.436,179.234,134.832,216.569,181.241,135.334,11.041,8.056,7.497,14.572,72.969,200.264,78.535,12.22,19.246,3.297,1.966,2.941,56.002,1.5749,1.2187,1.6201,Warm
IMG_01174,Medium,192.075,143.707,106.998,190.887,143.005,106.609,7.619,9.456,9.338,13.488,98.84,162.913,63.887,18.747,15.846,5.405,1.826,2.743,41.232,0.8452,1.3366,1.7951,Neutral
IMG_01349,Deep,90.097,68.213,36.297,90.234,67.199,36.129,5.82,5.215,3.535,12.939,96.106,75.297,29.528,10.744,13.989,5.523,1.881,1.425,-55.654,1.302,1.3208,2.4822,Neutral
IMG_00790,Tan,165.97,106.574,83.732,166.55,107.838,83.138,5.164,7.743,7.169,14.699,70.328,128.37,50.341,19.38,10.638,2.384,2.11,2.538,1.836,0.5489,1.5573,1.9822,Cool
IMG_00581,Medium,180.476,130.723,112.367,182.853,129.036,110.336,7.307,4.009,8.856,14.152,75.036,153.901,60.353,17.359,10.805,4.811,2.612,2.527,43.777,0.6225,1.3806,1.6061,Cool
IMG_00447,Medium,173.543,138.524,87.482,174.559,138.114,88.12,10.094,3.908,10.988,13.308,130.667,147.536,57.857,16.797,21.534,5.01,3.187,2.893,20.046,1.2821,1.2528,1.9838,Warm
IMG_00704,Fair,239.622,169.103,148.872,237.602,169.123,148.434,8.01,5.174,7.926,8.254,67.941,203.151,79.667,21.07,11.335,3.773,2.227,2.143,69.09,0.5379,1.417,1.6096,Cool
IMG_00189,Fair,230.279,190.189,140.188,229.849,190.091,139.97,10.947,9.985,6.647,15.506,74.612,210.968,82.732,12.453,20.017,2.202,1.291,2.692,58.552,1.6075,1.2108,1.6426,Warm
IMG_00272,Medium,173.113,132.329,90.878,172.563,131.178,89.255,9.467,7.656,9.161,17.939,95.024,148.88,58.384,14.426,18.726,3.238,2.23,2.254,24.12,1.2981,1.3082,1.9049,Warm
IMG_01136,Medium,171.345,125.066,98.546,173.512,122.483,98.89,5.818,8.483,8.997,11.325,74.027,144.101,56.51,17.925,16.612,2.084,2.11,3.514,21.4,0.9267,1.37,1.7387,Neutral
IMG_00885,Medium,175.864,123.586,107.199,175.6,124.473,107.816,5.662,7.732,6.529,10.82,97.087,145.997,57.254,17.476,8.257,5.097,2.594,2.486,41.301,0.4725,1.423,1.6405,Cool
IMG_00237,Tan,155.902,124.62,81.914,154.539,125.206,82.27,4.41,6.313,8.553,17.257,109.126,134.575,52.775,12.278,20.121,3.801,2.923,2.128,7.851,1.6387,1.251,1.9032,Warm
IMG_00488,Medium,192.322,144.769,122.155,193.131,145.2,123.756,5.55,5.332,7.344,10.911,94.811,168.529,66.09,14.996,12.173,3.322,3.179,2.432,52.89,0.8117,1.3285,1.5744,Cool
IMG_01303,Medium,195.908,155.242,125.844,194.819,155.692,125.344,4.716,8.128,8.259,12.737,56.752,170.821,66.989,15.047,11.821,5.078,1.409,1.973,55.17,0.7856,1.2619,1.5567,Neutral
IMG_00560,Deep,123.658,58.188,48.178,124.467,56.986,49.418,6.454,6.827,6.87,3.186,103.899,79.976,31.363,24.121,9.303,4.834,2.634,2.875,-63.473,0.3857,2.1252,2.5667,Cool
IMG_00118,Medium,169.901,148.913,101.734,172.251,149.218,102.295,8.965,4.909,6.464,20.563,78.451,160.588,62.976,11.14,21.136,2.158,2.294,2.612,31.546,1.8973,1.1409,1.67,Warm
IMG_00638,Deep,115.43,68.624,48.665,115.925,67.318,52.026,9.015,4.717,3.979,6.801,106.069,85.898,33.685,20.423,11.531,3.321,1.732,3.511,-54.748,0.5646,1.6821,2.372,Cool
IMG_01331,Tan,151.859,106.312,74.574,151.404,104.163,74.941,11.579,5.74,4.875,9.471,70.772,125.496,49.214,13.837,16.783,3.462,2.74,3.013,-2.681,1.2129,1.4284,2.0364,Neutral
IMG_00802,Medium,184.08,138.84,107.23,185.615,140.044,108.749,11.782,7.421,5.405,11.428,80.288,157.869,61.909,15.339,9.815,2.92,2.606,2.559,50.506,0.6399,1.3258,1.7167,Cool
IMG_00751,Tan,132.419,90.148,70.492,131.917,89.803,70.656,6.211,7.481,6.887,8.933,70.992,108.099,42.392,16.716,9.597,3.74,1.458,1.567,-38.405,0.5741,1.4689,1.8785,Cool
IMG_00513,Medium,205.772,134.913,125.78,207.208,137.057,125.464,9.679,3.835,6.559,9.062,62.618,167.165,65.555,22.433,9.7,4.82,1.722,3.268,58.052,0.4324,1.5252,1.636,Cool
IMG_00634,Fair,200.414,157.125,136.795,200.576,156.655,134.536,8.926,7.937,7.558,6.236,75.83,182.387,71.524,14.48,10.718,5.709,3.343,2.533,63.53,0.7402,1.2755,1.4651,Cool
IMG_01012,Tan,149.288,106.774,74.644,150.749,107.87,74.676,5.081,5.704,6.19,14.798,95.312,123.156,48.297,16.889,15.373,5.861,2.805,2.58,-6.323,0.9102,1.3982,2.0,Neutral
IMG_01146,Medium,179.224,144.202,105.594,177.516,144.694,104.348,11.598,7.761,5.775,13.041,85.407,161.746,63.43,13.127,17.799,4.554,2.637,2.752,37.036,1.3558,1.2429,1.6973,Neutral
IMG_00908,Fair,215.409,176.284,128.459,216.659,173.386,128.477,7.677,5.509,6.156,14.165,110.24,197.464,77.437,11.612,18.167,2.116,3.458,2.824,56.49,1.5646,1.2219,1.6769,Neutral
IMG_01224,Tan,144.946,110.021,75.929,146.401,108.12,74.517,6.883,6.607,9.699,12.687,97.333,123.74,48.526,15.07,16.976,3.356,1.406,3.569,-4.964,1.1264,1.3174,1.909,Neutral
IMG_00127,Deep,99.538,68.737,29.722,101.02,68.353,29.246,8.003,6.529,6.933,15.374,87.114,72.039,28.251,15.829,18.268,2.836,2.048,2.162,-49.971,1.1541,1.4481,3.3489,Warm
IMG_00791,Medium,188.067,138.377,118.584,186.582,139.163,119.053,11.528,9.6,7.336,0.0,64.873,163.588,64.152,16.002,9.577,4.261,1.214,1.76,55.912,0.5985,1.3591,1.5859,Cool
IMG_00830,Fair,215.857,169.479,138.238,215.096,169.097,138.176,5.166,5.11,8.136,8.75,48.331,193.251,75.785,14.893,12.763,2.27,2.269,2.785,63.665,0.857,1.2737,1.5615,Cool
IMG_00117,Deep,80.052,71.932,25.249,78.538,70.894,25.322,10.669,6.583,5.767,11.514,98.299,66.482,26.072,10.23,18.908,3.037,1.648,1.35,-51.684,1.8483,1.1129,3.1706,Warm
IMG_00474,Deep,113.053,63.737,49.44,112.684,62.537,48.414,10.996,8.745,10.539,5.771,81.115,78.414,30.751,21.182,13.215,2.216,1.228,2.919,-55.53,0.6239,1.7737,2.2867,Cool
IMG_00741,Fair,221.781,168.633,133.322,221.015,169.613,134.089,10.744,8.728,5.011,10.028,67.471,194.62,76.321,16.667,16.105,3.365,3.423,2.745,58.539,0.9663,1.3152,1.6635,Cool
IMG_01141,Medium,173.801,138.101,101.248,174.534,138.156,100.994,5.536,6.146,6.444,12.421,76.934,154.7,60.666,13.196,17.9,5.496,2.622,2.255,30.79,1.3565,1.2585,1.7166,Neutral
IMG_00951,Tan,135.647,103.798,68.985,135.74,104.242,68.065,4.263,4.451,5.898,16.195,91.281,117.09,45.918,12.658,14.454,3.368,3.269,3.129,-15.771,1.1419,1.3068,1.9663,Neutral
IMG_00058,Medium,176.368,150.696,99.5,178.1,151.38,100.037,10.915,6.812,10.761,15.9,99.38,162.009,63.533,10.144,18.853,2.742,3.198,3.219,35.672,1.8586,1.1704,1.7725,Warm
IMG_00604,Fair,221.174,159.401,124.933,220.327,158.684,125.065,10.687,8.809,5.909,9.655,56.022,183.783,72.072,20.784,12.765,2.412,1.365,1.445,59.958,0.6142,1.3875,1.7703,Cool
IMG_00787,Fair,230.572,186.547,145.377,230.015,186.893,147.682,11.268,7.167,8.06,8.358,92.504,207.465,81.359,13.708,15.965,5.986,1.887,2.044,63.019,1.1646,1.236,1.586,Cool
IMG_00831,Deep,121.49,82.605,65.361,120.977,80.389,66.782,11.116,8.333,4.591,2.944,54.52,98.537,38.642,15.705,9.652,4.365,3.252,3.02,-49.642,0.6146,1.4707,1.8588,Cool
IMG_00120,Deep,105.215,77.714,36.148,105.034,78.426,32.62,10.832,6.574,9.852,17.146,106.614,81.055,31.786,13.379,18.757,5.572,1.344,3.497,-44.158,1.4019,1.3539,2.9107,Warm
IMG_00657,Tan,147.349,104.994,89.955,149.061,104.842,89.629,10.817,10.254,7.86,10.081,91.308,124.451,48.804,16.336,8.462,5.635,3.06,3.526,-8.043,0.518,1.4034,1.638,Cool
IMG_01086,Deep,127.491,97.255,60.014,128.673,97.641,59.076,10.082,5.183,8.63,13.884,101.365,106.813,41.887,13.368,15.015,3.18,1.221,2.847,-28.382,1.1232,1.3109,2.1244,Neutral
IMG_00670,Fair,204.337,151.127,129.243,202.087,150.105,130.402,5.497,9.104,10.791,8.927,64.139,177.223,69.499,18.604,11.713,2.859,1.63,2.383,59.007,0.6296,1.3521,1.581,Cool
IMG_00106,Deep,116.562,89.821,45.577,118.768,88.557,44.296,4.772,5.193,3.593,13.942,114.548,92.763,36.378,15.125,19.949,3.875,1.893,2.756,-34.328,1.3189,1.2977,2.5575,Warm
IMG_00636,Deep,93.363,42.135,40.797,91.957,41.814,41.335,8.524,6.554,7.55,6.913,93.05,61.545,24.135,21.052,8.237,2.79,2.191,2.504,-72.335,0.3913,2.2158,2.2885,Cool
IMG_00370,Deep,118.657,88.649,43.325,118.762,87.944,43.602,4.006,9.171,4.157,15.642,79.319,93.012,36.475,15.14,18.652,4.535,3.304,1.742,-35.946,1.232,1.3385,2.7387,Warm
IMG_00269,Fair,222.863,184.851,139.311,222.272,184.268,139.459,6.739,7.325,4.185,12.671,100.595,205.227,80.481,14.664,20.773,5.027,2.54,1.685,55.726,1.4165,1.2056,1.5998,Warm
IMG_00656,Medium,182.117,136.772,111.344,179.777,135.751,110.47,10.325,8.38,10.966,11.247,84.511,155.337,60.917,15.422,13.024,2.055,2.017,1.931,39.97,0.8445,1.3315,1.6356,Cool
IMG_00820,Deep,115.824,63.267,53.096,114.357,63.985,53.982,7.413,5.844,7.742,5.362,68.476,78.64,30.839,17.373,7.97,5.13,1.253,3.72,-67.415,0.4588,1.8307,2.1814,Cool
IMG_00936,Medium,179.724,137.79,103.547,177.953,136.875,100.776,9.479,6.766,6.025,10.218,95.852,152.368,59.752,14.594,14.845,4.477,3.449,2.31,33.303,1.0172,1.3043,1.7357,Neutral
IMG_00823,Deep,123.509,72.393,53.449,124.526,72.67,51.458,8.764,8.94,7.294,11.889,68.674,88.6,34.745,20.231,9.142,4.038,2.868,2.496,-59.065,0.4519,1.7061,2.3108,Cool
IMG_00867,Medium,194.99,141.994,120.135,193.807,143.274,119.833,5.825,4.848,7.925,8.712,107.81,165.346,64.841,18.44,11.282,4.964,1.934,1.472,52.759,0.6118,1.3732,1.6231,Cool
IMG_00047,Fair,213.796,185.469,120.366,212.213,185.198,121.643,9.558,5.405,7.927,15.896,66.957,195.864,76.809,12.763,26.582,3.444,1.411,3.585,45.244,2.0827,1.1527,1.7762,Warm
IMG_00350,Medium,182.539,146.1,96.549,180.853,146.346,94.601,4.531,10.425,3.795,14.859,110.358,159.01,62.357,14.755,19.66,4.62,2.218,3.667,32.15,1.3324,1.2494,1.8906,Warm
IMG_01166,Deep,124.315,77.69,48.7,123.379,77.049,50.052,7.905,5.013,7.128,12.477,101.643,92.133,36.131,16.505,15.014,5.826,3.132,3.648,-42.73,0.9097,1.6001,2.5526,Neutral
IMG_00992,Medium,179.572,145.036,101.36,180.69,145.06,99.521,10.662,8.202,4.82,14.032,63.994,156.657,61.434,14.423,16.832,5.672,1.765,1.835,34.189,1.167,1.2381,1.7716,Neutral
IMG_00877,Deep,130.351,76.306,61.041,132.671,77.142,60.372,5.145,5.803,6.815,13.514,73.841,93.045,36.488,19.347,7.944,2.769,2.235,1.609,-59.548,0.4106,1.7083,2.1355,Cool
IMG_00774,Tan,156.289,112.881,86.82,156.719,115.059,85.416,6.069,5.78,5.272,9.241,62.728,131.682,51.64,16.797,14.255,5.634,2.356,2.906,6.563,0.8487,1.3845,1.8001,Cool
IMG_00196,Fair,225.748,181.654,134.07,223.317,180.117,134.297,4.109,4.071,5.439,14.137,117.493,201.946,79.195,14.124,19.366,2.111,2.652,2.309,56.442,1.3711,1.2427,1.6838,Warm
IMG_00103,Medium,172.843,150.365,105.83,173.29,149.417,107.263,8.967,5.967,9.811,15.096,83.071,161.117,63.183,11.652,19.141,3.885,3.452,2.849,34.556,1.6427,1.1495,1.6332,Warm
IMG_00005,Tan,177.506,147.434,98.108,178.107,148.824,98.417,5.994,6.373,9.167,15.866,69.462,156.797,61.489,11.475,19.423,2.915,1.377,1.953,30.606,1.6926,1.204,1.8093,Warm
IMG_00620,Deep,116.956,70.744,56.301,116.768,70.566,56.908,9.543,9.573,6.248,6.911,79.474,84.444,33.115,18.915,9.384,2.173,3.441,1.245,-60.937,0.4961,1.6532,2.0773,Cool
IMG_01004,Tan,164.678,118.459,94.103,165.346,116.646,95.369,11.975,3.736,3.989,14.256,103.404,138.679,54.384,15.633,15.902,2.312,2.909,1.555,15.413,1.0172,1.3902,1.75,Neutral
IMG_00572,Deep,102.959,66.205,47.406,102.081,66.09,47.717,8.229,9.996,6.716,7.566,86.653,77.106,30.238,16.246,11.517,5.479,2.233,3.746,-59.769,0.7089,1.5552,2.1719,Cool
IMG_00053,Tan,133.357,99.208,70.116,134.804,99.62,71.705,5.761,8.283,4.071,13.234,110.914,113.724,44.598,13.73,14.696,5.405,2.339,2.45,-20.183,1.0704,1.3442,1.9019,Warm
IMG_00264,Medium,163.054,126.524,93.356,163.87,125.893,93.395,4.912,8.007,9.757,16.889,107.886,141.84,55.624,12.952,15.768,4.309,2.687,2.392,19.629,1.2174,1.2887,1.7466,Warm
IMG_01080,Deep,111.264,80.458,50.865,112.071,79.621,50.504,10.85,9.82,7.246,7.521,109.165,92.858,36.415,14.911,15.579,3.788,2.95,3.041,-41.09,1.0447,1.3829,2.1874,Neutral
IMG_01232,Fair,233.058,196.91,147.272,232.863,197.174,147.297,5.873,4.183,8.256,12.958,68.417,211.352,82.883,12.748,18.305,2.383,2.058,2.301,60.897,1.4359,1.1836,1.5825,Neutral
IMG_00444,Medium,177.819,149.501,91.352,178.113,153.033,92.221,10.771,8.626,8.082,16.782,62.433,158.395,62.116,11.458,23.578,5.281,2.129,1.776,27.197,2.0578,1.1894,1.9465,Warm
IMG_01003,Medium,187.689,141.246,107.099,189.961,142.889,106.008,9.182,8.412,4.821,13.879,76.702,160.683,63.013,15.7,15.236,5.889,2.615,1.627,40.501,0.9704,1.3288,1.7525,Neutral
IMG_00838,Medium,173.418,113.673,112.043,175.841,111.273,109.525,9.073,9.618,9.097,8.231,73.605,146.764,57.554,21.26,6.966,3.988,2.262,2.863,47.319,0.3277,1.5256,1.5478,Cool
IMG_01205,Tan,163.497,111.923,85.359,163.888,112.795,85.562,6.314,8.245,5.095,13.382,79.021,130.289,51.094,17.873,15.03,2.917,1.902,2.965,4.162,0.8409,1.4608,1.9154,Neutral
IMG_00305,Deep,97.187,65.272,45.586,97.466,66.353,45.023,5.314,7.026,9.727,15.537,50.512,78.709,30.866,13.916,13.984,4.656,1.978,3.632,-53.838,1.0049,1.489,2.132,Warm
IMG_01062,Fair,218.766,190.948,142.706,217.791,191.174,143.833,9.201,7.375,4.085,12.126,89.629,210.399,82.51,9.547,17.15,4.106,3.02,1.411,62.187,1.7964,1.1457,1.533,Neutral
IMG_00314,Fair,225.819,187.184,143.694,227.981,187.447,143.158,7.092,6.442,7.716,16.682,72.075,209.913,82.319,11.815,19.265,2.023,1.381,3.491,59.201,1.6306,1.2064,1.5715,Warm
IMG_00150,Medium,176.836,148.915,93.035,178.899,148.451,92.981,7.54,8.045,10.522,15.492,121.159,158.456,62.139,14.168,22.275,2.256,3.097,1.96,28.59,1.5722,1.1875,1.9007,Warm
IMG_00575,Tan,145.027,106.76,75.197,145.725,106.998,72.984,7.497,4.367,7.733,4.671,92.873,117.314,46.006,15.293,13.466,5.809,3.024,2.705,-16.522,0.8806,1.3584,1.9286,Cool
IMG_00051,Medium,166.806,135.44,92.573,166.211,135.238,92.125,8.102,5.115,4.824,14.184,136.575,144.63,56.718,15.002,19.623,2.882,1.629,3.227,18.898,1.3081,1.2316,1.8019,Warm
IMG_01059,Deep,110.266,90.726,53.352,109.878,89.271,52.998,8.52,7.806,7.267,10.351,83.841,93.116,36.516,12.939,18.122,2.068,3.27,3.35,-36.651,1.4006,1.2154,2.0667,Neutral
IMG_00727,Medium,191.466,155.235,122.325,189.602,155.089,124.177,9.531,5.781,9.392,10.672,85.211,172.676,67.716,11.34,14.054,5.602,1.703,2.826,51.575,1.2394,1.2334,1.5652,Cool
IMG_00834,Deep,86.746,46.98,35.686,86.303,48.761,34.874,10.341,6.959,9.927,11.802,81.626,57.144,22.409,16.828,10.45,4.185,2.147,1.48,-69.256,0.621,1.8464,2.4308,Cool
IMG_00471,Fair,236.08,175.842,151.636,235.421,174.839,149.569,8.173,10.033,9.545,7.909,49.448,206.113,80.829,17.747,10.956,4.772,1.212,2.312,70.436,0.6173,1.3426,1.5569,Cool
IMG_00972,Tan,160.585,118.097,82.388,159.194,118.688,82.023,7.089,6.598,7.427,14.667,103.122,129.209,50.67,16.447,15.281,2.514,2.027,1.365,2.511,0.9291,1.3598,1.9491,Neutral
IMG_00654,Tan,132.07,88.869,71.207,131.357,88.412,70.958,6.722,5.727,10.674,12.113,76.237,107.817,42.281,15.797,9.96,5.156,2.865,1.684,-37.776,0.6305,1.4861,1.8547,Cool
IMG_00400,Tan,119.294,113.312,50.876,119.364,112.34,51.101,9.303,9.468,5.435,14.891,84.059,109.729,43.031,9.451,22.263,3.966,3.444,2.066,-17.382,2.3555,1.0528,2.3448,Warm
IMG_00512,Deep,131.458,89.981,58.631,130.744,89.595,58.592,5.323,8.94,5.217,4.978,70.945,99.968,39.203,18.709,13.576,4.107,2.239,2.707,-38.495,0.7256,1.4609,2.2421,Cool
IMG_00321,Tan,150.872,117.629,63.575,153.289,118.304,64.493,9.963,6.153,5.771,18.694,115.175,125.225,49.108,16.486,21.485,3.837,3.081,3.618,-2.377,1.3032,1.2826,2.3731,Warm
IMG_00020,Medium,176.882,136.338,89.029,176.069,135.351,89.321,7.532,9.714,6.132,17.373,106.31,150.993,59.213,16.048,22.216,2.468,1.529,3.18,22.523,1.3844,1.2974,1.9868,Warm
IMG_00685,Fair,240.559,183.42,140.057,242.951,183.954,139.767,9.026,8.639,8.157,2.96,87.405,207.876,81.52,18.329,16.96,5.877,1.654,3.673,61.716,0.9253,1.3115,1.7176,Cool
IMG_00036,Medium,170.366,136.742,85.279,171.739,136.191,84.259,5.114,9.058,8.151,17.825,55.2,146.946,57.626,14.219,19.562,4.134,3.256,3.25,21.297,1.3758,1.2459,1.9978,Warm
IMG_00903,Fair,216.673,172.637,123.087,215.861,170.912,122.531,4.778,6.227,3.613,9.674,99.696,192.223,75.381,15.035,19.957,5.593,2.412,3.409,51.822,1.3274,1.2551,1.7603,Neutral
IMG_00828,Medium,191.702,137.954,113.974,192.542,137.711,113.909,8.28,7.898,10.414,6.17,60.121,165.749,65.0,17.019,9.62,2.715,1.88,3.737,57.326,0.5653,1.3896,1.682,Cool
IMG_01209,Medium,168.875,132.7,104.095,167.846,131.421,103.263,4.204,6.835,6.816,13.502,83.582,151.544,59.429,12.07,16.093,5.027,1.843,1.766,30.366,1.3334,1.2726,1.6223,Neutral
IMG_00408,Tan,154.888,127.655,70.845,154.62,127.831,70.029,11.317,4.137,8.362,16.733,50.129,132.432,51.934,14.75,22.371,3.653,2.133,2.967,4.941,1.5166,1.2133,2.1863,Warm
IMG_00921,Fair,231.9,169.99,134.922,233.52,170.532,134.11,7.595,9.766,9.411,12.268,83.835,200.589,78.662,17.908,19.371,2.506,2.604,3.789,55.948,1.0817,1.3642,1.7188,Neutral
IMG_00538,Fair,213.594,159.227,136.461,214.415,159.044,136.981,6.1,5.217,10.743,6.94,67.75,188.523,73.93,14.758,12.804,2.033,3.223,1.719,61.85,0.8676,1.3414,1.5652,Cool
IMG_00759,Medium,177.62,137.408,102.505,179.907,137.54,102.377,7.901,6.168,8.892,11.458,93.794,156.43,61.345,15.489,12.487,5.536,1.212,3.627,42.257,0.8062,1.2926,1.7328,Cool
IMG_00246,Fair,242.477,198.518,144.079,242.694,199.672,143.794,9.465,10.028,7.817,17.542,145.664,219.094,85.919,15.551,21.336,2.504,2.538,3.193,59.29,1.372,1.2214,1.6829,Warm
IMG_00785,Deep,114.532,59.873,47.635,112.791,61.117,47.266,9.055,6.574,8.601,8.941,88.552,70.994,27.841,24.2,10.118,2.434,3.411,3.15,-65.458,0.4181,1.9129,2.4044,Cool
IMG_00490,Medium,179.717,129.431,102.325,177.467,130.759,102.822,7.074,6.526,10.844,9.089,82.664,153.769,60.302,20.084,14.292,2.355,3.321,2.449,35.784,0.7116,1.3885,1.7563,Cool
IMG_00155,Deep,119.395,83.537,41.721,119.34,82.619,44.156,5.65,6.243,10.218,13.983,88.957,90.448,35.47,18.382,18.967,2.817,2.368,2.29,-37.454,1.0318,1.4292,2.8617,Warm
IMG_00962,Fair,221.142,185.691,133.392,221.324,188.164,132.111,10.464,6.209,9.753,13.824,75.968,204.592,80.232,13.785,18.984,3.526,3.096,2.067,57.873,1.3772,1.1909,1.6578,Neutral
IMG_00854,Medium,175.999,124.017,99.444,174.898,124.182,98.914,8.313,9.077,9.818,8.778,87.514,147.44,57.82,16.737,10.07,3.605,2.189,1.585,37.83,0.6017,1.4192,1.7698,Cool
IMG_00626,Medium,186.06,137.636,100.687,185.183,136.417,101.332,4.84,3.656,4.786,9.25,48.142,156.12,61.224,18.936,17.591,4.259,2.818,1.726,32.54,0.929,1.3518,1.8479,Cool
IMG_00686,Tan,137.61,102.901,72.66,139.114,102.891,73.831,6.58,6.471,4.592,7.433,90.386,114.124,44.754,15.046,10.909,5.325,2.002,2.24,-25.679,0.7251,1.3373,1.8939,Cool
IMG_00570,Tan,135.229,87.581,73.217,135.257,88.616,72.221,11.742,9.43,5.823,8.73,84.484,104.966,41.163,17.469,9.895,2.785,2.461,2.378,-41.767,0.5664,1.5441,1.847,Cool
IMG_01287,Medium,168.651,135.267,94.046,170.804,135.175,95.676,9.706,6.085,7.608,11.59,69.94,154.216,60.477,13.667,16.173,3.213,2.013,2.796,32.935,1.1834,1.2468,1.7933,Neutral
IMG_00018,Fair,209.439,176.164,119.99,210.195,177.697,119.28,6.256,4.742,9.13,16.785,82.528,188.47,73.91,12.203,23.537,5.227,3.478,2.273,45.45,1.9287,1.1889,1.7455,Warm
IMG_00128,Tan,148.579,118.624,75.094,147.496,118.23,75.818,9.909,5.709,8.336,17.475,75.707,127.322,49.93,15.786,19.305,3.581,2.84,1.718,-0.207,1.2229,1.2525,1.9786,Warm
IMG_00928,Fair,227.505,172.584,133.01,226.646,170.981,135.228,11.409,7.502,4.285,12.036,76.272,196.73,77.149,16.488,16.398,2.772,3.497,1.709,58.868,0.9945,1.3182,1.7104,Neutral
IMG_00981,Fair,218.339,176.138,132.241,219.448,177.941,130.703,4.953,4.852,9.784,11.279,81.926,197.873,77.597,14.636,18.914,2.254,1.887,1.226,55.574,1.2923,1.2396,1.6511,Neutral
IMG_01325,Medium,167.13,121.834,99.843,165.606,120.683,99.512,6.375,3.985,5.644,12.61,94.464,142.564,55.908,14.908,12.624,2.37,2.349,3.042,25.078,0.8468,1.3718,1.6739,Neutral
IMG_00191,Fair,216.953,180.016,136.682,217.683,180.873,136.476,7.537,5.841,6.459,14.658,107.192,201.094,78.86,12.293,16.845,4.12,1.571,2.687,59.729,1.3703,1.2052,1.5873,Warm
IMG_00993,Tan,149.81,114.156,73.738,150.354,116.216,72.492,11.942,8.657,3.625,12.856,73.471,123.995,48.626,12.487,16.565,3.985,2.614,2.993,-4.743,1.3266,1.3123,2.0316,Neutral
IMG_01319,Deep,98.191,60.162,34.444,98.395,59.441,31.122,5.778,8.894,8.717,11.399,119.588,73.143,28.684,14.936,14.225,3.443,1.939,1.203,-56.283,0.9524,1.6321,2.8507,Neutral
IMG_00607,Tan,139.241,96.427,73.624,140.556,94.659,72.977,11.41,9.18,9.714,10.495,81.468,111.871,43.871,17.544,12.627,4.279,1.904,1.766,-25.891,0.7197,1.444,1.8912,Cool
IMG_00181,Tan,168.12,129.706,83.048,168.628,132.202,80.955,7.712,4.331,10.854,17.89,103.401,141.876,55.638,15.282,19.409,2.859,1.355,2.747,16.197,1.2701,1.2962,2.0244,Warm
IMG_00302,Medium,171.55,130.175,94.519,171.689,130.852,96.482,6.894,7.17,8.53,13.781,57.454,148.525,58.245,16.863,19.957,3.078,1.838,3.627,22.448,1.1835,1.3178,1.815,Warm
IMG_00497,Fair,221.323,166.919,140.971,221.017,167.217,141.246,7.586,7.707,5.955,10.228,77.535,197.244,77.351,16.838,13.886,5.124,3.133,2.041,63.083,0.8247,1.3259,1.57,Cool
IMG_01167,Tan,142.077,97.163,63.832,140.672,98.385,63.313,9.045,4.701,9.234,13.04,84.292,111.78,43.835,16.122,14.684,3.458,3.08,1.455,-22.774,0.9108,1.4623,2.2258,Neutral
IMG_01133,Medium,159.484,130.673,89.303,160.511,132.274,89.909,11.99,4.612,10.607,12.842,99.951,144.75,56.765,12.613,16.57,5.297,3.436,1.667,22.208,1.3137,1.2205,1.7859,Neutral
IMG_01119,Medium,168.514,134.12,101.601,167.265,133.029,102.016,11.311,5.898,8.509,16.292,78.381,150.932,59.189,13.756,16.138,5.867,2.098,2.968,29.657,1.1732,1.2564,1.6586,Neutral
IMG_00518,Medium,180.099,126.753,103.334,181.557,124.046,103.851,11.596,5.877,4.311,9.115,52.444,148.679,58.305,20.276,12.712,4.026,1.397,3.721,33.16,0.6269,1.4209,1.7429,Cool
IMG_01070,Medium,172.139,127.912,97.173,173.714,127.765,96.19,11.085,8.49,7.646,12.083,83.714,150.983,59.209,15.973,17.347,5.018,1.288,1.27,27.962,1.086,1.3458,1.7715,Neutral
IMG_00477,Medium,187.809,127.387,110.727,189.315,128.211,111.262,5.737,6.115,5.997,2.976,76.991,153.433,60.17,20.503,10.847,2.705,2.597,2.439,43.155,0.529,1.4743,1.6961,Cool
IMG_00158,Medium,173.572,138.947,87.317,174.374,139.047,89.01,8.387,3.965,9.249,17.433,74.522,149.25,58.53,15.474,23.37,4.335,2.999,3.155,20.051,1.5103,1.2492,1.9878,Warm
IMG_00017,Medium,184.831,139.224,103.338,184.247,139.473,104.4,9.146,6.708,7.592,16.134,106.649,159.681,62.62,15.501,20.003,5.766,2.088,3.699,32.247,1.2904,1.3276,1.7886,Warm
IMG_01073,Medium,190.4,147.205,107.422,193.093,147.293,108.872,6.128,5.996,10.554,11.875,93.17,165.353,64.844,16.279,16.24,2.962,1.419,1.38,42.429,0.9976,1.2934,1.7725,Neutral
IMG_00547,Fair,219.486,162.748,135.841,220.987,161.321,134.603,6.457,9.836,10.02,8.173,82.722,191.288,75.015,17.808,11.881,2.951,1.387,2.831,64.594,0.6672,1.3486,1.6158,Cool
IMG_00659,Medium,156.677,112.918,92.646,157.155,112.032,94.724,9.9,4.397,7.341,6.006,86.332,131.276,51.481,15.364,12.037,3.116,1.571,2.308,7.013,0.7834,1.3875,1.6911,Cool
IMG_01109,Medium,174.368,132.349,91.22,173.735,132.015,89.402,5.866,5.711,7.847,12.329,96.097,148.601,58.275,14.836,17.56,3.459,2.49,2.34,25.232,1.1836,1.3175,1.9115,Neutral
IMG_01020,Fair,196.815,154.525,121.93,197.628,153.599,121.461,9.807,10.163,9.036,10.921,88.136,174.214,68.319,15.291,15.552,4.773,1.802,3.604,49.671,1.017,1.2737,1.6142,Neutral
IMG_01134,Fair,212.583,163.779,129.936,214.277,165.619,131.122,9.797,7.481,6.056,11.524,79.837,187.399,73.49,14.351,14.727,4.903,2.772,2.81,57.913,1.0262,1.298,1.6361,Neutral
IMG_00960,Tan,154.406,123.524,86.965,155.232,122.651,85.5,10.264,8.197,7.985,11.699,76.868,137.453,53.903,12.875,15.637,2.769,1.708,1.323,14.015,1.2145,1.25,1.7755,Neutral
IMG_01271,Deep,120.5,78.8,64.171,118.72,80.561,65.454,7.728,7.3,9.564,14.198,97.387,93.134,36.523,13.603,8.61,4.451,2.688,3.726,-57.427,0.6329,1.5292,1.8778,Neutral
IMG_00284,Deep,101.364,64.723,31.744,100.785,65.865,32.377,4.157,9.656,10.742,13.718,106.977,75.1,29.451,16.736,16.107,3.366,1.979,1.218,-51.909,0.9624,1.5661,3.1931,Warm
IMG_00798,Medium,191.887,143.419,123.844,192.341,143.034,124.045,10.625,9.041,10.12,5.73,73.245,167.246,65.587,15.875,12.158,5.869,2.21,3.671,52.045,0.7659,1.338,1.5494,Cool
IMG_00226,Medium,161.146,135.758,103.312,160.999,134.9,103.938,6.76,3.883,5.032,17.888,80.092,150.605,59.061,10.861,14.435,3.675,1.705,1.201,32.117,1.3291,1.187,1.5598,Warm
IMG_00027,Fair,238.861,192.727,139.609,238.843,193.682,139.271,6.786,7.098,9.377,15.247,63.844,210.887,82.701,15.431,21.032,3.586,2.631,3.442,57.252,1.3629,1.2394,1.7109,Warm
IMG_00438,Medium,172.627,151.023,103.085,171.282,151.317,103.958,5.353,4.383,10.495,18.435,54.057,156.42,61.341,11.048,16.059,4.42,2.717,2.245,35.23,1.4536,1.143,1.6746,Warm
IMG_01313,Fair,215.466,180.311,133.015,217.08,179.525,132.22,9.871,3.832,5.308,8.503,75.508,200.201,78.51,11.39,15.615,5.329,3.183,2.17,61.291,1.3709,1.195,1.6199,Neutral
IMG_00230,Tan,142.386,105.364,70.284,142.098,105.167,70.538,4.106,7.082,9.271,16.398,118.459,117.377,46.03,14.196,16.969,5.739,3.291,3.331,-13.168,1.1954,1.3514,2.0259,Warm
IMG_00038,Medium,195.084,149.94,102.633,195.955,151.852,102.02,9.573,9.957,8.804,16.616,74.741,164.073,64.342,14.94,20.508,2.61,2.525,2.777,34.966,1.3728,1.3011,1.9008,Warm
IMG_00750,Fair,242.318,191.114,160.67,241.542,191.497,160.538,6.023,6.244,8.345,8.773,76.596,218.446,85.665,15.258,12.569,3.746,1.776,2.07,70.587,0.8238,1.2679,1.5082,Cool
IMG_01046,Fair,208.097,173.461,129.617,207.837,172.284,130.758,7.417,7.609,6.949,13.698,85.034,191.515,75.104,13.565,18.354,3.514,1.714,2.984,53.828,1.353,1.1997,1.6055,Neutral
IMG_00470,Tan,159.497,105.051,88.931,158.274,105.283,89.002,4.923,6.348,9.86,7.274,87.106,124.52,48.832,19.428,10.46,3.471,2.56,2.51,-6.374,0.5384,1.5183,1.7935,Cool
IMG_01310,Tan,131.381,96.959,66.838,131.414,96.502,66.868,5.784,6.655,8.733,16.672,91.368,108.964,42.731,11.975,13.299,2.879,3.445,2.028,-28.66,1.1106,1.355,1.9657,Neutral
IMG_01327,Medium,195.264,148.159,112.73,195.375,146.523,112.209,5.729,6.417,6.339,11.279,98.622,167.621,65.734,16.428,15.712,5.721,1.856,2.424,45.039,0.9564,1.3179,1.7321,Neutral
IMG_00688,Fair,233.198,166.773,155.81,232.945,167.229,156.495,4.587,6.337,3.799,5.914,68.943,203.51,79.808,18.513,7.295,5.341,1.682,2.054,76.248,0.394,1.3983,1.4967,Cool
IMG_01241,Medium,161.658,135.46,92.259,159.932,135.153,93.368,9.693,9.286,10.45,14.362,95.504,148.217,58.124,12.559,15.755,3.648,2.903,1.394,27.279,1.2545,1.1934,1.7522,Neutral
IMG_00640,Tan,145.018,95.821,78.876,142.794,97.481,78.059,7.131,10.219,6.013,10.972,69.359,117.635,46.131,17.92,11.593,5.114,3.167,2.333,-18.453,0.6469,1.5134,1.8386,Cool
IMG_01170,Tan,148.011,108.586,80.276,151.351,109.358,80.309,8.143,9.652,10.211,15.369,86.194,124.848,48.96,16.04,13.5,3.814,2.248,2.539,-4.406,0.8417,1.3631,1.8438,Neutral
IMG_01129,Deep,113.934,87.232,55.476,114.694,86.641,54.359,5.895,8.407,6.106,10.852,101.41,94.979,37.247,14.232,12.132,3.823,2.483,2.984,-46.431,0.8524,1.3061,2.0537,Neutral
IMG_01227,Tan,143.735,107.171,69.92,141.943,107.437,68.938,8.392,5.38,7.209,11.083,109.276,118.915,46.633,16.391,16.377,4.788,1.227,2.857,-11.617,0.9992,1.3412,2.0557,Neutral
IMG_00801,Tan,135.376,103.576,85.449,135.46,104.986,84.53,6.377,4.996,8.502,5.734,48.515,117.934,46.249,12.83,8.207,4.681,3.273,1.241,-24.565,0.6397,1.307,1.5843,Cool
IMG_00161,Medium,168.066,137.456,94.709,167.514,137.376,94.31,10.224,8.826,4.908,17.543,67.533,147.213,57.73,12.159,17.585,2.354,2.808,2.158,23.73,1.4463,1.2227,1.7745,Warm
IMG_00957,Medium,184.858,143.224,107.202,184.824,141.656,108.488,4.598,5.262,4.835,11.283,67.515,161.458,63.317,12.936,15.773,5.097,1.94,3.292,40.174,1.2193,1.2907,1.7244,Neutral
IMG_00822,Fair,218.116,163.794,143.476,218.848,166.26,144.855,9.75,7.33,6.851,11.212,72.418,197.777,77.56,13.417,9.653,5.239,1.76,3.496,70.697,0.7195,1.3316,1.5202,Cool
IMG_01160,Tan,149.451,106.36,79.135,150.306,105.489,79.494,9.141,10.069,10.867,13.061,80.025,124.238,48.721,11.885,15.957,5.788,3.096,3.035,-4.583,1.3426,1.4051,1.8886,Neutral
IMG_00878,Tan,141.333,92.599,92.553,140.761,90.344,90.396,8.547,4.261,6.296,8.618,75.187,115.885,45.445,17.039,4.0,2.971,2.39,3.393,-48.711,0.2348,1.5263,1.527,Cool
IMG_00914,Fair,194.198,155.79,103.74,196.709,155.62,105.865,5.4,8.633,6.213,9.884,91.863,174.733,68.523,14.117,18.283,2.745,1.964,2.666,45.374,1.2951,1.2465,1.872,Neutral
IMG_00153,Medium,163.344,130.112,87.546,163.479,132.206,87.208,8.884,4.623,8.552,17.863,98.147,141.263,55.397,13.532,20.976,2.717,2.796,1.797,14.43,1.5502,1.2554,1.8658,Warm
IMG_01236,Tan,129.829,93.683,57.482,129.646,95.05,57.115,7.287,8.97,3.61,12.178,89.038,103.708,40.67,14.297,13.136,4.642,1.2,1.364,-35.386,0.9188,1.3858,2.2586,Neutral
IMG_00510,Fair,197.917,151.079,120.152,198.53,151.305,119.13,9.819,6.095,4.883,7.28,82.408,172.737,67.74,15.608,13.769,3.772,1.581,3.753,52.184,0.8822,1.31,1.6472,Cool
IMG_01135,Medium,177.366,140.169,96.819,177.162,139.698,96.915,6.466,4.966,6.41,10.055,103.405,152.204,59.688,16.397,16.397,4.427,2.711,2.703,30.576,1.0,1.2654,1.8319,Neutral
IMG_00104,Fair,205.42,160.65,116.536,207.747,161.071,117.123,6.442,4.989,3.749,17.291,86.452,180.932,70.954,14.123,20.529,3.216,2.702,3.64,45.587,1.4536,1.2787,1.7627,Warm
IMG_00587,Medium,194.466,133.549,115.566,192.881,134.012,116.333,5.505,3.558,10.775,11.363,98.103,163.451,64.099,20.916,9.284,3.727,3.43,1.565,56.634,0.4439,1.4561,1.6827,Cool
IMG_01197,Deep,125.191,98.372,62.163,126.205,98.548,62.865,7.861,6.205,7.446,14.754,97.198,103.866,40.732,12.169,14.271,4.703,2.872,2.128,-33.001,1.1728,1.2726,2.0139,Neutral
IMG_00054,Medium,170.256,132.62,91.201,171.659,132.42,91.377,8.949,8.769,4.69,17.299,114.957,144.005,56.473,14.785,19.12,5.523,3.205,1.276,18.703,1.2932,1.2838,1.8668,Warm
IMG_00152,Fair,209.662,176.392,132.747,210.319,176.117,131.726,6.462,9.897,10.646,22.488,117.404,197.587,77.485,11.113,19.635,3.307,2.015,2.515,54.458,1.7669,1.1886,1.5794,Warm
IMG_00404,Medium,167.422,140.386,86.536,164.173,140.849,87.379,6.359,3.607,5.151,15.755,100.384,148.562,58.26,10.708,24.001,3.128,2.22,1.645,18.99,2.2415,1.1926,1.9347,Warm
IMG_00208,Medium,160.045,132.289,85.819,159.952,132.822,87.14,10.564,9.284,7.91,17.85,98.74,144.637,56.72,12.29,19.67,3.412,3.04,2.642,18.863,1.6005,1.2098,1.8649,Warm
IMG_01278,Tan,135.002,101.268,75.764,136.997,102.985,77.163,9.2,7.92,4.478,14.419,90.871,114.748,44.999,12.303,13.938,2.94,2.624,1.246,-19.737,1.1328,1.3331,1.7819,Neutral
IMG_01123,Fair,211.399,171.681,132.698,211.895,174.793,132.09,4.952,6.812,5.647,11.922,89.907,189.679,74.384,14.182,16.111,5.576,1.617,2.393,56.547,1.136,1.2313,1.5931,Neutral
IMG_00009,Tan,151.537,121.701,77.883,149.808,123.13,79.443,8.442,7.208,5.314,14.052,88.579,128.73,50.482,13.146,18.568,2.372,3.264,3.541,1.488,1.4124,1.2452,1.9457,Warm
IMG_01015,Fair,218.823,171.336,137.68,219.669,170.353,138.065,8.522,7.363,6.413,13.159,97.503,195.018,76.478,13.207,14.649,5.378,1.21,2.552,61.045,1.1093,1.2772,1.5894,Neutral
IMG_01061,Tan,169.796,131.561,96.023,170.462,130.281,91.774,11.192,6.706,6.8,12.107,85.681,146.235,57.347,13.292,14.594,2.701,3.427,1.754,26.722,1.098,1.2906,1.7683,Neutral
IMG_00453,Tan,157.869,117.932,95.286,158.861,116.118,95.313,5.656,9.927,9.614,10.234,71.345,136.328,53.462,17.058,11.269,5.915,3.225,1.928,17.078,0.6606,1.3386,1.6568,Cool
IMG_00254,Fair,230.468,195.445,144.475,228.59,195.737,143.167,11.415,10.234,7.317,18.825,51.325,215.997,84.705,14.371,22.935,3.811,1.841,3.693,56.541,1.596,1.1792,1.5952,Warm
IMG_00897,Medium,180.429,124.929,109.249,182.007,123.714,111.35,5.492,5.149,9.447,6.697,69.611,150.033,58.836,18.327,7.731,2.373,2.206,1.26,48.816,0.4219,1.4443,1.6515,Cool
IMG_01182,Tan,147.882,112.235,73.485,146.911,115.578,74.663,10.957,7.878,3.511,14.383,96.588,123.624,48.48,13.27,15.946,3.413,3.173,1.271,-5.445,1.2017,1.3176,2.0124,Neutral
IMG_00881,Tan,128.625,90.347,75.046,128.34,88.556,76.514,11.22,5.102,4.932,7.484,72.503,108.255,42.453,15.842,9.25,4.076,2.747,1.315,-39.211,0.5839,1.4237,1.7139,Cool
IMG_01275,Deep,112.326,86.008,53.349,112.146,85.703,52.19,5.633,9.085,3.78,11.609,75.33,89.562,35.122,13.678,16.209,5.225,1.261,2.908,-42.548,1.185,1.306,2.1055,Neutral
IMG_00624,Deep,134.725,86.735,70.991,134.086,85.749,72.939,7.872,8.413,5.204,8.347,87.97,103.424,40.558,17.656,7.411,2.016,1.989,3.719,-51.871,0.4197,1.5533,1.8978,Cool
IMG_00346,Deep,106.715,79.195,44.674,105.99,79.299,43.431,6.708,6.814,8.099,15.769,106.03,85.756,33.63,12.62,16.327,5.475,2.722,2.329,-45.075,1.2938,1.3475,2.3887,Warm
IMG_01162,Fair,221.731,172.389,128.347,222.563,175.284,127.286,8.921,6.633,4.69,9.156,94.787,194.891,76.428,16.523,18.437,4.127,1.847,1.45,55.099,1.1158,1.2862,1.7276,Neutral
IMG_00263,Tan,156.19,124.468,71.306,153.831,124.369,71.327,11.112,7.485,8.238,19.425,91.391,133.456,52.336,17.029,20.742,4.075,1.318,1.805,6.425,1.218,1.2549,2.1904,Warm
IMG_00151,Medium,168.784,143.844,83.819,168.947,144.042,82.986,6.082,4.616,4.703,15.964,99.537,148.508,58.238,13.509,22.142,2.282,1.627,2.927,20.409,1.6391,1.1734,2.0137,Warm
IMG_00473,Tan,166.438,108.085,89.038,165.238,110.717,87.021,8.467,9.921,6.436,6.655,94.967,132.359,51.905,19.527,11.788,5.38,1.201,1.638,9.182,0.6037,1.5399,1.8693,Cool
IMG_00641,Deep,108.732,61.379,45.33,108.149,60.047,46.244,8.769,9.753,4.79,10.214,99.36,75.09,29.447,19.044,9.177,3.683,3.116,1.25,-65.939,0.4819,1.7715,2.3987,Cool
IMG_01338,Fair,194.182,150.068,118.809,193.059,151.767,118.806,7.885,4.427,4.282,12.334,97.881,173.898,68.195,13.971,17.109,4.902,1.745,1.558,46.762,1.2247,1.294,1.6344,Neutral
IMG_01272,Fair,238.107,182.368,142.967,237.783,183.877,143.677,7.44,7.292,6.118,15.049,85.922,208.517,81.772,18.147,16.974,2.969,2.746,2.181,61.887,0.9353,1.3056,1.6655,Neutral
IMG_00551,Deep,107.585,74.324,40.677,108.585,75.042,41.827,7.85,6.654,6.679,8.436,93.348,80.984,31.758,14.791,15.833,4.037,3.374,2.625,-49.044,1.0705,1.4475,2.6448,Cool
IMG_00929,Deep,120.46,80.051,48.97,120.126,81.043,48.479,6.704,5.96,4.39,11.81,115.161,90.492,35.487,17.709,15.663,2.587,1.627,2.053,-42.817,0.8845,1.5048,2.4598,Neutral
IMG_00489,Tan,154.034,110.297,87.229,154.827,110.12,87.267,11.736,4.621,9.405,3.684,77.967,132.336,51.896,15.97,11.926,5.937,1.246,3.017,9.036,0.7467,1.3965,1.7659,Cool
IMG_01220,Fair,201.823,155.44,119.606,201.868,153.468,119.168,9.49,6.91,9.432,11.81,66.534,183.033,71.777,13.639,18.527,5.261,1.73,1.326,49.611,1.3584,1.2984,1.6874,Neutral
IMG_00147,Medium,180.833,144.589,86.372,179.796,144.42,86.752,6.025,6.652,10.682,17.594,79.438,153.358,60.14,14.109,24.472,3.596,3.132,1.69,22.507,1.7345,1.2507,2.0937,Warm
IMG_00403,Fair,206.932,164.654,118.598,207.723,165.956,119.014,5.655,8.078,6.622,12.49,95.619,186.097,72.979,13.797,20.552,2.719,2.785,2.669,48.191,1.4896,1.2568,1.7448,Warm
IMG_00955,Tan,128.306,97.055,68.468,129.003,97.207,68.308,9.958,8.595,6.572,12.25,86.077,105.855,41.512,14.89,11.685,4.527,2.527,2.296,-35.996,0.7847,1.322,1.874,Neutral
IMG_01267,Medium,195.725,143.753,106.049,196.792,145.184,104.339,11.082,4.262,5.495,12.779,82.436,160.198,62.823,15.138,16.371,5.332,3.096,1.916,38.07,1.0815,1.3615,1.8456,Neutral
IMG_00660,Fair,187.218,141.108,118.144,185.96,140.202,120.824,6.446,9.694,8.928,9.717,73.627,165.872,65.048,17.82,9.441,4.679,3.037,1.868,57.895,0.5298,1.3268,1.5847,Cool
IMG_00464,Tan,139.333,89.774,78.768,138.985,90.414,77.801,6.062,5.085,7.105,7.99,79.34,112.973,44.303,14.626,9.545,3.995,1.695,1.907,-30.831,0.6526,1.552,1.7689,Cool
IMG_00187,Medium,175.284,153.567,93.355,177.093,152.736,94.925,6.602,3.775,5.54,14.959,137.304,163.019,63.929,13.031,22.251,2.026,3.45,3.711,32.046,1.7076,1.1414,1.8776,Warm
IMG_01148,Fair,204.963,160.871,127.414,205.57,161.073,127.69,11.98,10.35,9.341,10.508,103.418,183.383,71.915,15.449,14.399,2.08,2.45,1.426,56.693,0.9321,1.2741,1.6086,Neutral
IMG_00609,Medium,187.814,131.622,112.151,186.407,132.109,111.447,8.366,7.893,10.514,6.888,60.279,152.556,59.826,18.159,9.544,3.196,2.026,3.066,45.835,0.5256,1.4269,1.6747,Cool
IMG_00144,Medium,158.146,132.805,79.001,159.629,132.373,77.409,4.453,6.117,10.583,14.616,122.607,144.312,56.593,10.151,22.809,4.567,2.744,2.844,16.122,2.247,1.1908,2.0018,Warm
IMG_00752,Tan,153.02,97.635,82.055,152.533,96.361,81.891,6.382,7.425,5.435,8.793,82.484,116.64,45.741,20.896,8.337,2.292,2.881,1.978,-27.059,0.399,1.5673,1.8649,Cool
IMG_00982,Fair,234.296,185.567,144.508,236.341,183.831,146.252,5.729,5.67,10.75,11.917,68.936,210.777,82.658,16.5,18.69,5.395,3.224,2.396,60.218,1.1327,1.2626,1.6213,Neutral
IMG_00198,Tan,150.84,119.017,69.752,150.896,119.295,70.528,9.83,5.765,8.488,14.062,82.18,123.955,48.61,14.309,19.759,4.226,1.988,1.55,-4.025,1.3809,1.2674,2.1625,Warm
IMG_00884,Medium,190.31,130.979,110.082,191.026,129.695,111.241,5.261,5.155,6.244,6.268,89.225,154.292,60.507,20.127,9.213,5.175,2.897,3.606,48.754,0.4578,1.453,1.7288,Cool
IMG_00280,Medium,197.433,141.643,106.551,197.306,140.842,105.671,9.745,6.599,8.992,16.123,89.426,167.264,65.594,16.672,19.467,2.932,3.07,2.73,38.697,1.1676,1.3939,1.8529,Warm
IMG_00294,Tan,133.691,128.72,78.214,133.87,129.765,79.352,8.638,7.282,3.877,14.764,103.628,128.409,50.356,8.708,18.205,2.252,1.631,1.284,1.122,2.0906,1.0386,1.7093,Warm
IMG_01228,Fair,234.756,184.198,139.799,236.173,183.82,139.879,10.755,7.244,10.577,10.675,83.623,205.892,80.742,18.807,16.697,2.315,2.383,3.193,61.492,0.8878,1.2745,1.6792,Neutral
IMG_00401,Medium,188.229,152.001,101.643,188.302,150.054,100.546,11.452,7.583,7.538,19.62,115.274,164.914,64.672,15.012,22.482,3.818,1.681,1.21,33.129,1.4977,1.2383,1.8519,Warm
IMG_00123,Fair,228.552,188.646,136.41,226.704,188.487,136.505,6.248,9.124,10.469,16.182,92.095,210.496,82.548,13.507,21.656,3.62,3.284,2.036,56.362,1.6033,1.2115,1.6755,Warm
IMG_00203,Medium,182.605,135.266,88.535,179.897,133.852,88.797,10.132,8.415,5.985,13.975,58.542,150.255,58.923,18.261,21.711,4.703,2.111,3.166,22.343,1.1889,1.35,2.0625,Warm
IMG_00836,Tan,142.7,92.297,73.006,141.643,91.598,72.452,9.219,7.413,6.218,2.215,80.329,112.457,44.101,17.524,10.088,4.566,1.824,3.267,-30.318,0.5757,1.5461,1.9546,Cool
IMG_00247,Medium,185.889,140.486,97.323,184.481,140.361,96.975,10.052,6.819,5.193,14.311,108.747,158.103,62.001,15.28,19.47,4.466,1.293,2.048,31.65,1.2742,1.3232,1.91,Warm
IMG_01283,Medium,173.961,141.166,100.812,173.845,141.111,99.919,9.651,8.447,10.736,10.601,92.31,153.373,60.146,15.34,18.392,3.386,3.221,1.257,28.885,1.1989,1.2323,1.7256,Neutral
IMG_01270,Fair,212.798,161.229,127.662,212.993,163.421,126.573,8.142,6.808,5.101,9.779,68.594,184.149,72.215,14.695,16.138,5.022,1.524,2.477,54.003,1.0982,1.3198,1.6669,Neutral
IMG_01154,Medium,159.146,121.903,84.766,159.196,121.045,83.16,7.843,4.538,6.749,12.063,88.476,136.688,53.603,14.617,17.213,5.0,2.255,1.625,11.823,1.1776,1.3055,1.8775,Neutral
IMG_00385,Deep,110.969,67.987,32.14,110.953,67.575,31.421,5.876,6.865,7.639,14.732,112.521,79.192,31.056,17.477,18.733,4.527,1.791,3.667,-45.321,1.0719,1.6322,3.4526,Warm
IMG_00855,Fair,227.937,166.214,145.625,228.487,167.141,147.686,5.19,8.567,4.901,4.503,75.984,197.069,77.282,21.46,13.059,4.954,2.303,2.38,64.421,0.6085,1.3713,1.5652,Cool
IMG_00220,Medium,165.078,122.862,89.549,164.316,122.713,90.098,11.274,6.092,9.135,14.164,108.753,140.649,55.156,17.675,17.543,5.588,3.146,1.675,16.38,0.9925,1.3436,1.8434,Warm
IMG_00642,Medium,202.063,138.405,116.458,200.634,137.459,116.73,7.77,3.687,4.19,7.171,55.543,167.998,65.882,20.237,12.196,4.744,2.187,3.448,52.478,0.6027,1.4599,1.7351,Cool
IMG_00002,Medium,178.82,148.737,97.958,181.042,148.988,95.606,4.976,6.966,3.758,13.468,101.763,161.647,63.391,12.302,20.849,5.637,1.795,2.923,32.712,1.6947,1.2023,1.8255,Warm
IMG_00113,Medium,181.2,153.745,96.811,181.765,154.759,99.019,4.35,4.361,7.69,14.361,64.452,159.442,62.526,14.901,20.648,3.373,2.877,2.896,31.243,1.3857,1.1786,1.8717,Warm
IMG_00699,Tan,150.483,106.274,85.192,150.512,105.929,86.174,9.26,4.849,5.769,5.47,97.546,124.49,48.82,16.51,9.845,2.527,2.081,1.729,-6.837,0.5963,1.416,1.7664,Cool
IMG_01290,Medium,189.422,144.148,105.838,187.533,143.525,106.717,8.523,7.727,10.518,9.73,81.337,163.051,63.942,14.5,17.534,4.646,3.008,2.713,38.488,1.2093,1.3141,1.7897,Neutral
IMG_00952,Medium,171.039,123.343,96.302,171.317,124.113,95.39,9.794,6.2,4.05,7.367,95.343,143.838,56.407,17.185,13.256,5.251,2.533,1.813,25.796,0.7713,1.3867,1.7761,Neutral
IMG_01190,Medium,179.961,135.253,106.069,179.824,135.577,107.748,4.828,5.458,7.532,10.589,115.533,157.687,61.838,15.173,16.482,4.793,2.65,3.648,35.688,1.0863,1.3306,1.6966,Neutral
IMG_01218,Tan,135.451,100.144,63.732,137.187,100.575,63.771,10.323,8.429,4.954,7.31,78.325,111.537,43.74,15.145,17.251,4.041,2.221,2.302,-19.944,1.139,1.3526,2.1253,Neutral
IMG_00442,Fair,225.063,176.968,127.62,225.044,175.978,126.35,7.914,6.652,4.995,18.749,75.983,193.543,75.899,17.827,21.474,3.231,1.297,2.847,50.337,1.2046,1.2718,1.7635,Warm
IMG_01137,Fair,206.23,163.748,127.167,206.609,165.625,128.001,6.202,9.085,10.805,11.95,96.11,189.465,74.3,14.316,16.792,3.392,1.29,1.295,55.354,1.173,1.2594,1.6217,Neutral
IMG_00664,Fair,226.921,166.003,138.451,226.826,165.793,137.554,5.91,9.923,4.086,10.711,76.61,196.21,76.945,19.977,14.354,3.71,2.425,3.537,61.956,0.7185,1.367,1.639,Cool
IMG_01235,Medium,175.345,135.372,103.907,174.326,136.608,102.673,11.49,9.004,9.469,13.694,97.592,154.457,60.571,15.996,14.777,3.744,2.089,1.699,35.58,0.9238,1.2953,1.6875,Neutral
IMG_00318,Medium,183.681,150.223,98.146,183.666,149.064,97.5,6.141,6.374,10.239,15.776,79.836,159.545,62.567,13.896,22.6,5.585,2.777,3.433,29.076,1.6264,1.2227,1.8715,Warm
IMG_00649,Medium,184.384,127.43,106.794,184.291,124.31,108.3,4.268,6.881,5.736,5.216,72.355,152.208,59.69,19.03,11.506,5.38,2.585,2.38,40.101,0.6046,1.4469,1.7265,Cool
IMG_00710,Medium,172.322,125.667,102.1,173.192,126.362,102.66,5.021,6.529,4.453,8.171,93.088,147.607,57.885,18.234,12.031,4.01,2.491,2.078,33.242,0.6598,1.3713,1.6878,Cool
IMG_00973,Medium,170.564,137.488,104.566,172.066,137.415,103.215,8.851,4.904,6.079,11.494,84.701,152.35,59.745,12.825,15.487,5.381,1.402,3.431,32.18,1.2075,1.2406,1.6312,Neutral
IMG_00628,Fair,250.529,191.627,153.083,251.989,191.301,150.84,7.099,9.392,5.145,4.926,73.409,219.955,86.257,16.362,12.864,4.937,2.942,2.29,70.465,0.7862,1.3074,1.6366,Cool
IMG_00633,Tan,148.031,109.546,87.545,148.262,107.662,87.697,5.883,7.403,10.677,12.347,86.573,126.669,49.674,12.355,9.333,5.516,2.13,1.958,-2.0,0.7554,1.3513,1.6909,Cool
IMG_01317,Fair,216.33,165.15,130.426,216.419,163.926,128.797,4.243,8.026,8.262,10.391,65.51,186.438,73.113,18.743,17.895,2.576,2.003,2.723,52.251,0.9548,1.3099,1.6586,Neutral
IMG_01246,Medium,173.548,135.619,92.832,172.447,133.967,91.394,10.299,6.63,5.924,10.5,117.718,147.495,57.841,14.127,18.948,2.054,3.033,2.053,22.481,1.3413,1.2797,1.8695,Neutral
IMG_00796,Medium,180.581,124.965,113.649,184.695,123.04,113.852,4.498,9.955,4.828,10.642,102.977,150.417,58.987,16.899,8.348,4.113,3.048,1.76,47.11,0.494,1.445,1.5889,Cool
IMG_00646,Tan,158.772,110.19,76.855,160.299,111.599,79.394,5.511,8.813,4.182,9.303,46.651,125.752,49.315,20.645,15.901,4.059,1.347,2.127,-2.469,0.7702,1.4409,2.0659,Cool
IMG_01013,Medium,172.362,128.476,97.062,170.741,128.78,97.577,9.06,7.365,7.893,16.243,105.281,148.012,58.044,13.31,15.791,3.21,2.672,3.357,26.995,1.1864,1.3416,1.7758,Neutral
IMG_00557,Fair,229.547,176.191,135.852,228.705,174.953,136.651,10.664,8.317,3.659,6.916,89.962,199.967,78.418,17.524,14.481,3.347,1.532,1.806,62.998,0.8264,1.3028,1.6897,Cool
IMG_00682,Deep,115.152,68.041,64.423,113.795,69.129,64.91,5.033,6.696,5.538,5.518,71.212,89.95,35.274,15.393,5.113,3.408,1.417,2.313,-70.853,0.3321,1.6924,1.7874,Cool
IMG_00578,Fair,224.328,172.54,150.308,224.177,173.207,150.036,10.312,8.82,6.117,8.822,70.819,200.758,78.728,13.976,12.03,3.815,2.568,3.732,67.278,0.8608,1.3002,1.4925,Cool
IMG_01110,Fair,221.592,171.951,136.845,221.436,170.025,136.754,8.679,4.103,9.864,13.159,72.937,198.213,77.731,14.915,16.648,4.188,3.32,3.583,59.022,1.1162,1.2887,1.6193,Neutral
IMG_01184,Fair,214.705,169.523,130.979,214.996,169.866,129.695,5.839,3.559,10.763,10.204,95.46,193.438,75.858,14.54,17.043,4.369,2.856,2.894,56.611,1.1722,1.2665,1.6392,Neutral
IMG_00525,Fair,246.03,176.06,151.444,246.691,175.626,151.712,11.015,8.232,6.177,5.38,74.745,208.432,81.738,23.385,13.512,4.051,2.754,3.697,66.94,0.5778,1.3974,1.6246,Cool
IMG_01060,Medium,198.492,140.257,109.994,198.851,140.414,110.251,7.505,4.42,10.908,11.629,69.309,164.819,64.635,18.922,15.166,3.332,2.546,3.226,43.979,0.8015,1.4152,1.8046,Neutral
IMG_00541,Fair,198.762,146.348,118.734,198.403,147.564,120.286,10.973,6.042,10.637,7.365,53.837,172.992,67.84,18.793,12.722,5.785,1.533,1.661,54.507,0.677,1.3581,1.674,Cool
IMG_01195,Medium,180.856,134.669,110.113,182.553,136.642,109.432,9.34,4.29,4.576,10.656,85.273,156.207,61.258,16.948,12.781,3.858,3.388,2.138,41.375,0.7541,1.343,1.6425,Neutral
IMG_00749,Medium,179.85,133.46,113.883,180.409,132.11,115.013,6.134,4.319,3.62,10.319,92.364,155.032,60.797,15.841,10.424,2.428,1.873,2.635,46.007,0.658,1.3476,1.5793,Cool
IMG_01249,Medium,192.849,138.398,108.411,192.163,135.534,106.437,4.945,6.83,6.498,10.125,68.062,161.785,63.445,18.798,14.211,4.887,3.392,3.159,43.414,0.756,1.3934,1.7789,Neutral
IMG_00485,Deep,120.653,67.659,53.997,119.812,66.972,56.308,6.756,6.987,6.932,13.851,92.084,86.422,33.891,20.287,8.843,4.076,1.522,2.534,-61.235,0.4359,1.7833,2.2344,Cool
IMG_00096,Fair,215.366,169.456,119.05,216.427,167.581,118.415,6.779,9.799,3.664,19.284,90.12,191.263,75.005,15.51,19.492,4.655,3.416,2.656,52.062,1.2568,1.2709,1.809,Warm
IMG_01021,Tan,150.331,114.963,78.661,150.554,113.834,78.878,6.978,7.702,7.117,14.489,77.794,127.9,50.157,14.134,17.372,2.795,1.523,1.52,0.517,1.2291,1.3076,1.9111,Neutral
IMG_00564,Fair,228.436,175.315,139.304,229.483,175.355,139.329,6.718,10.052,4.736,8.563,89.708,200.77,78.733,15.206,15.195,2.169,2.244,3.283,62.128,0.9993,1.303,1.6398,Cool
IMG_00743,Medium,186.047,141.346,123.073,187.14,141.151,121.882,4.208,7.458,4.221,5.651,86.624,165.618,64.948,13.204,11.501,5.338,2.931,2.397,52.425,0.871,1.3163,1.5117,Cool
IMG_00864,Tan,164.683,114.55,88.078,163.566,113.602,86.352,9.548,9.973,4.84,6.462,109.726,133.71,52.435,18.592,12.556,2.329,3.228,3.58,10.977,0.6753,1.4377,1.8697,Cool
IMG_00892,Fair,228.326,176.748,135.621,227.409,178.376,136.163,11.073,9.014,8.194,6.163,65.553,199.166,78.104,15.423,14.259,3.352,2.812,3.393,63.099,0.9245,1.2918,1.6836,Cool
IMG_01039,Fair,213.141,171.222,135.14,213.295,170.877,137.133,5.945,5.897,9.475,11.275,113.453,194.928,76.442,13.089,17.969,4.345,1.783,3.326,55.802,1.3728,1.2448,1.5772,Neutral
IMG_00207,Tan,139.313,114.909,63.638,138.605,115.922,63.428,11.487,8.206,7.11,14.21,93.175,115.191,45.173,15.477,20.513,5.239,3.386,1.257,-13.242,1.3254,1.2124,2.1891,Warm
IMG_00393,Fair,224.987,182.921,128.663,227.172,183.439,129.31,8.201,4.921,6.889,17.657,57.85,200.836,78.759,14.348,21.09,5.188,2.558,1.452,53.746,1.4699,1.23,1.7487,Warm
IMG_00795,Medium,195.172,144.494,125.742,195.399,144.195,126.329,11.241,9.03,10.318,10.13,99.979,165.287,64.818,18.119,11.891,2.873,2.406,3.39,51.254,0.6563,1.3507,1.5522,Cool
IMG_00871,Medium,183.521,128.392,111.94,182.949,127.652,113.17,6.299,6.044,9.943,10.573,80.913,150.95,59.196,16.13,11.038,3.872,1.691,3.63,39.797,0.6843,1.4294,1.6395,Cool
IMG_00398,Medium,173.125,146.519,92.632,172.893,149.091,92.069,10.573,7.381,4.848,15.575,121.489,153.092,60.036,12.834,23.668,3.871,3.427,3.158,22.979,1.8442,1.1816,1.869,Warm
IMG_00767,Tan,117.64,82.238,60.372,120.018,84.331,61.211,11.717,6.851,4.28,8.398,78.04,95.514,37.457,14.977,11.402,5.141,2.803,2.122,-47.728,0.7613,1.4305,1.9486,Cool
IMG_01342,Medium,163.305,137.871,94.138,161.939,136.607,93.979,11.945,10.399,4.924,11.732,87.416,148.631,58.287,10.796,14.861,4.52,2.432,1.601,29.144,1.3766,1.1845,1.7347,Neutral
IMG_01029,Tan,131.609,96.538,69.863,133.11,95.79,70.333,7.031,4.896,10.783,12.62,92.112,110.251,43.236,13.388,14.93,4.069,3.261,2.101,-24.374,1.1152,1.3633,1.8838,Neutral
IMG_00643,Tan,151.63,99.224,85.327,150.466,100.112,84.135,7.563,8.486,6.319,9.908,97.949,122.559,48.062,17.814,8.361,5.711,1.417,2.164,-13.047,0.4694,1.5282,1.7771,Cool
IMG_00613,Deep,107.413,46.241,41.441,106.718,48.95,40.651,7.286,9.638,7.456,5.091,82.74,67.881,26.62,22.844,9.213,3.337,1.678,3.281,-68.492,0.4033,2.3229,2.5919,Cool
IMG_00961,Tan,160.271,125.809,85.788,161.436,125.194,84.872,7.392,5.097,4.025,11.389,90.954,135.836,53.269,13.418,18.305,4.142,3.478,3.119,10.125,1.3643,1.2739,1.8682,Neutral
IMG_00726,Tan,158.809,117.357,83.331,158.715,119.439,82.046,4.004,7.758,6.216,4.491,95.188,134.262,52.652,14.381,16.791,5.009,2.063,2.464,8.975,1.1676,1.3532,1.9058,Cool
IMG_00684,Tan,151.09,100.005,87.197,151.709,99.429,87.233,11.414,3.721,9.3,4.438,64.409,119.5,46.863,18.469,13.343,2.208,1.288,2.318,-13.231,0.7224,1.5108,1.7327,Cool
IMG_00099,Fair,225.863,187.934,141.072,224.695,187.927,142.318,10.176,3.69,3.989,16.209,88.511,207.133,81.229,11.81,18.383,3.856,3.291,2.601,59.517,1.5566,1.2018,1.6011,Warm
IMG_00805,Fair,224.65,172.422,137.875,224.927,171.617,136.382,4.962,9.592,10.546,8.291,78.364,200.313,78.554,16.289,16.761,2.315,2.003,3.692,59.588,1.0289,1.3029,1.6294,Cool
IMG_00407,Fair,221.72,195.381,136.774,221.63,196.582,137.042,4.144,7.399,9.405,15.134,107.324,207.759,81.474,8.236,21.903,4.165,1.945,1.554,55.166,2.6593,1.1348,1.6211,Warm
IMG_00503,Deep,109.675,65.179,61.105,109.182,66.065,60.835,8.9,8.666,9.255,6.041,82.096,85.624,33.578,15.722,5.785,5.621,2.142,3.678,-70.595,0.3679,1.6827,1.7949,Cool
IMG_01072,Deep,102.646,69.73,44.763,104.438,68.131,45.241,8.639,10.477,5.585,8.96,85.169,78.632,30.836,15.155,13.856,5.119,2.537,3.737,-54.132,0.9143,1.4721,2.2931,Neutral
IMG_01057,Deep,91.271,62.726,26.864,91.263,64.203,27.445,10.721,9.27,8.916,7.872,100.057,64.28,25.208,16.034,16.162,5.42,2.091,1.498,-56.899,1.008,1.4551,3.3975,Neutral
IMG_00930,Medium,180.892,141.346,102.041,181.027,141.61,101.577,6.785,5.081,8.892,11.69,103.827,157.794,61.88,15.642,16.0,3.96,2.927,2.54,36.594,1.0229,1.2798,1.7727,Neutral
IMG_00780,Tan,162.24,110.332,83.479,163.77,111.117,81.647,9.36,5.305,5.338,2.954,101.162,129.189,50.662,19.613,12.698,4.859,2.399,2.977,2.986,0.6474,1.4705,1.9435,Cool
IMG_00201,Tan,162.222,120.327,72.812,165.287,119.557,71.788,8.937,9.45,4.972,18.383,108.411,132.964,52.143,15.303,19.671,2.502,3.416,1.481,6.217,1.2854,1.3482,2.228,Warm
IMG_00135,Medium,179.115,139.933,89.715,178.159,140.34,88.806,10.784,8.602,4.215,15.544,106.315,155.485,60.975,16.937,21.924,3.715,1.267,2.45,26.591,1.2945,1.28,1.9965,Warm
IMG_01052,Medium,184.417,143.299,101.34,185.339,143.571,101.936,6.723,8.692,10.076,11.232,83.973,159.165,62.418,16.035,18.514,3.483,2.137,2.326,33.851,1.1546,1.2869,1.8198,Neutral
IMG_00041,Fair,204.845,172.04,110.609,204.665,172.674,111.609,7.526,6.305,7.697,16.341,141.259,184.82,72.479,14.983,21.011,2.621,1.618,3.441,46.932,1.4023,1.1907,1.852,Warm
IMG_01018,Fair,219.143,183.011,140.314,220.279,183.425,139.196,11.045,8.601,4.281,12.346,114.434,205.028,80.403,13.269,17.241,5.326,2.769,1.284,60.443,1.2993,1.1974,1.5618,Neutral
IMG_00231,Fair,196.316,171.273,111.085,196.051,170.383,110.48,8.027,9.075,9.046,11.087,103.786,184.021,72.165,10.282,23.605,4.582,1.558,2.622,43.198,2.2958,1.1462,1.7673,Warm
IMG_00379,Fair,228.626,196.072,145.65,228.658,194.805,143.486,5.351,9.253,9.269,17.237,106.861,214.077,83.952,11.159,20.084,4.387,1.976,1.883,59.393,1.7999,1.166,1.5697,Warm
IMG_00289,Fair,218.767,176.604,128.986,220.061,176.211,125.056,8.049,9.202,10.521,13.736,103.943,196.797,77.175,15.751,21.174,4.054,3.386,2.593,52.075,1.3443,1.2387,1.6961,Warm
IMG_00419,Deep,104.295,72.838,47.063,103.661,71.985,47.534,11.189,4.651,9.531,14.59,87.813,79.428,31.148,14.691,15.297,5.168,1.493,2.236,-50.943,1.0412,1.4319,2.2161,Warm
IMG_00392,Fair,190.248,160.134,112.676,189.668,157.938,113.415,5.392,8.825,3.619,15.63,105.784,174.5,68.432,12.662,17.801,4.231,2.073,2.517,45.997,1.4058,1.1881,1.6885,Warm
IMG_00593,Deep,95.776,54.673,37.556,96.653,54.228,36.869,8.915,9.893,5.24,9.531,63.8,65.918,25.85,18.198,9.499,2.485,1.214,2.52,-68.528,0.522,1.7518,2.5502,Cool
IMG_01163,Fair,201.743,160.165,117.92,203.181,161.342,116.159,6.916,4.619,6.531,11.4,81.934,176.662,69.279,13.593,16.023,4.221,1.268,2.832,50.27,1.1787,1.2596,1.7108,Neutral
IMG_01087,Deep,105.049,71.552,39.796,105.997,72.195,38.519,7.282,8.292,8.018,12.387,83.637,78.101,30.628,17.026,14.122,5.903,3.357,2.312,-53.909,0.8294,1.4681,2.6397,Neutral
IMG_00648,Fair,225.539,175.317,152.405,224.893,174.822,150.659,7.78,6.941,3.638,2.272,62.264,205.273,80.499,16.112,9.431,2.592,2.07,2.978,72.818,0.5853,1.2865,1.4799,Cool
IMG_01153,Medium,214.778,153.952,123.988,214.96,152.821,123.072,11.21,9.244,8.282,14.537,94.948,178.581,70.032,19.295,15.233,4.618,1.395,3.671,52.748,0.7895,1.3951,1.7322,Neutral
IMG_00521,Fair,207.843,154.001,122.961,206.367,153.35,122.533,4.203,8.751,5.111,7.728,95.218,180.797,70.901,18.641,17.92,5.338,2.167,2.7,49.39,0.9613,1.3496,1.6903,Cool
IMG_00065,Fair,217.702,170.029,132.358,215.834,169.702,129.844,6.065,8.097,5.939,16.517,74.2,192.002,75.295,15.837,15.938,5.094,1.501,3.722,57.786,1.0063,1.2804,1.6448,Warm
IMG_00015,Tan,141.195,113.055,70.767,141.647,115.037,69.175,5.386,4.595,5.377,14.617,86.999,122.554,48.061,14.473,21.965,4.197,2.844,2.917,-5.046,1.5177,1.2489,1.9952,Warm
IMG_01181,Deep,113.067,76.358,47.341,112.533,76.367,48.634,6.415,8.126,5.894,8.48,59.79,87.578,34.344,16.939,13.724,3.725,1.32,3.781,-48.762,0.8102,1.4807,2.3884,Neutral
IMG_01065,Tan,134.327,95.28,64.943,135.318,97.637,65.577,6.699,10.248,3.665,13.031,87.087,106.239,41.662,16.053,14.977,5.075,3.421,2.081,-29.104,0.933,1.4098,2.0684,Neutral
IMG_00493,Medium,176.315,133.124,109.139,174.984,133.368,109.806,10.291,5.25,6.628,9.706,66.768,155.028,60.795,13.247,12.541,3.402,3.175,1.529,40.722,0.9467,1.3244,1.6155,Cool
IMG_00380,Medium,197.484,150.179,109.022,197.854,151.34,109.615,11.602,3.943,8.023,13.792,89.036,166.7,65.372,16.557,17.367,2.229,3.256,2.578,41.514,1.0489,1.315,1.8114,Warm
IMG_00188,Tan,136.947,107.559,56.049,137.381,106.165,55.709,11.508,4.768,8.171,14.445,110.4,110.376,43.285,13.215,20.412,2.891,1.907,2.621,-18.21,1.5446,1.2732,2.4433,Warm
IMG_00764,Fair,218.646,158.966,139.762,218.804,159.744,140.354,6.119,4.035,9.339,8.342,74.816,191.586,75.132,16.283,11.047,2.279,2.48,1.844,66.272,0.6784,1.3754,1.5644,Cool
IMG_00217,Tan,155.781,126.835,79.327,153.994,126.948,78.464,6.451,7.386,7.91,17.819,84.701,138.3,54.235,12.535,20.2,3.706,2.615,1.412,11.841,1.6115,1.2282,1.9638,Warm
IMG_00792,Deep,93.775,68.841,34.422,95.158,67.755,33.443,4.231,6.266,10.479,3.754,92.549,72.102,28.275,14.934,12.702,4.505,1.393,3.501,-59.687,0.8505,1.3622,2.7243,Cool
IMG_01077,Tan,141.203,104.62,70.689,141.039,104.349,70.209,5.988,5.054,7.616,13.807,101.231,120.726,47.343,16.163,16.993,5.625,3.299,1.342,-8.886,1.0514,1.3497,1.9975,Neutral
IMG_00879,Deep,144.872,85.139,70.759,144.906,83.719,71.06,7.696,4.794,5.793,4.331,49.921,103.191,40.467,21.975,11.955,5.096,2.244,3.494,-38.568,0.5441,1.7016,2.0474,Cool
IMG_00338,Medium,173.243,147.157,99.246,174.073,145.981,96.897,5.048,7.707,3.757,14.626,108.446,156.048,61.195,11.2,20.33,3.99,1.556,1.676,28.841,1.8152,1.1773,1.7456,Warm
IMG_00720,Fair,252.421,189.146,154.798,253.509,190.096,154.112,6.133,10.394,10.334,6.472,66.682,216.196,84.783,23.3,13.78,2.116,2.973,1.487,68.388,0.5914,1.3345,1.6306,Cool
IMG_00296,Fair,222.645,190.359,142.206,224.294,189.433,144.137,10.262,10.062,8.689,13.052,102.78,206.853,81.119,12.162,19.453,2.623,1.76,3.39,57.989,1.5995,1.1696,1.5657,Warm
IMG_01017,Tan,143.754,109.015,75.41,144.145,106.976,74.682,7.283,9.942,10.1,12.702,75.248,121.669,47.713,11.936,12.821,3.933,2.026,2.046,-10.112,1.0741,1.3187,1.9063,Neutral
IMG_01276,Medium,193.71,138.86,116.794,194.538,138.338,116.546,5.844,4.725,10.404,10.97,106.076,165.501,64.902,17.865,13.525,2.176,2.89,1.321,47.774,0.7571,1.395,1.6586,Neutral
IMG_00456,Tan,150.431,105.698,94.069,149.14,106.43,94.021,6.784,6.783,6.006,11.152,89.867,128.408,50.356,13.487,6.308,2.429,1.535,1.287,3.231,0.4677,1.4232,1.5992,Cool
IMG_00816,Medium,176.059,132.794,100.124,176.972,130.669,99.28,7.419,5.169,3.531,13.265,92.227,150.556,59.042,14.491,13.931,2.752,1.209,3.072,32.985,0.9613,1.3258,1.7584,Cool
IMG_00270,Tan,138.407,108.552,67.33,140.626,109.572,67.831,9.933,8.227,5.044,13.454,71.004,116.016,45.496,16.289,19.862,3.41,1.49,1.538,-12.776,1.2193,1.275,2.0556,Warm
IMG_00996,Tan,144.982,105.322,78.611,144.35,103.911,78.43,11.304,4.05,9.689,10.201,64.357,122.45,48.02,15.504,14.634,4.19,2.739,2.481,-7.707,0.9439,1.3766,1.8443,Neutral
IMG_00202,Fair,219.348,177.133,129.438,218.641,179.041,130.127,9.514,5.266,5.808,12.592,99.644,194.779,76.384,13.931,19.351,4.455,3.265,3.306,53.743,1.389,1.2383,1.6946,Warm
IMG_00162,Medium,181.105,149.015,101.428,181.484,149.923,102.163,5.992,7.537,4.004,17.494,89.563,160.564,62.966,13.71,19.879,2.38,3.497,2.049,33.115,1.45,1.2153,1.7855,Warm
IMG_00730,Deep,112.64,61.413,53.52,113.975,61.546,53.128,4.032,6.312,4.901,9.773,82.596,82.143,32.213,20.563,8.548,4.498,2.763,2.468,-64.331,0.4157,1.8341,2.1046,Cool
IMG_00402,Deep,78.48,55.423,24.874,79.029,54.51,24.402,5.824,3.581,4.478,16.822,121.198,59.716,23.418,12.06,12.25,3.237,1.469,3.763,-65.259,1.0157,1.416,3.1551,Warm
IMG_00703,Tan,152.447,95.943,78.863,151.157,96.718,78.254,8.305,4.111,10.446,7.086,56.705,113.335,44.445,19.457,10.631,3.822,2.036,2.837,-27.587,0.5464,1.5889,1.933,Cool
IMG_01130,Deep,115.051,83.527,52.244,114.259,82.428,50.389,5.539,9.253,5.946,12.236,67.746,93.061,36.494,13.652,18.23,3.776,2.976,2.826,-36.533,1.3353,1.3774,2.2022,Neutral
IMG_00566,Tan,143.327,99.901,80.964,141.526,98.094,80.904,10.605,10.057,9.523,11.56,102.62,116.517,45.693,16.212,11.452,3.707,2.66,3.426,-20.611,0.7064,1.4347,1.7703,Cool
IMG_01022,Deep,100.795,67.793,41.093,102.929,70.142,41.681,10.88,4.343,10.325,10.897,86.794,75.648,29.666,12.578,13.088,5.386,2.829,3.327,-57.233,1.0406,1.4868,2.4529,Neutral
IMG_01026,Medium,182.495,145.786,102.864,183.081,145.181,103.223,10.629,9.576,7.425,11.967,80.736,159.799,62.666,13.956,15.817,5.65,3.143,3.101,38.687,1.1333,1.2518,1.7741,Neutral
IMG_01105,Tan,145.051,107.297,71.43,143.1,107.614,71.652,10.38,4.425,4.045,9.257,86.482,119.177,46.736,13.872,15.446,2.751,2.916,2.738,-11.932,1.1135,1.3519,2.0307,Neutral
IMG_00206,Tan,145.534,120.939,76.576,145.443,123.664,76.091,7.462,7.67,4.105,17.896,97.503,131.781,51.679,11.704,19.83,5.758,2.937,2.725,4.839,1.6942,1.2034,1.9005,Warm
IMG_00035,Medium,175.095,142.12,100.029,174.283,139.444,101.291,8.185,6.012,10.079,17.294,89.267,154.328,60.521,13.75,18.855,3.57,3.078,2.342,29.16,1.3713,1.232,1.7504,Warm
IMG_00776,Deep,116.693,69.437,54.942,116.83,70.431,55.954,9.175,10.292,6.085,8.818,82.474,86.809,34.043,16.724,10.713,3.4,2.449,2.197,-56.125,0.6406,1.6806,2.124,Cool
IMG_00509,Deep,129.489,96.391,70.411,128.968,98.384,69.93,8.913,4.817,5.64,5.457,69.77,108.468,42.537,13.888,12.431,3.904,3.395,1.843,-30.979,0.8951,1.3434,1.8391,Cool
IMG_01330,Deep,94.305,66.284,37.64,94.61,65.834,38.206,7.656,9.202,5.835,10.677,100.809,73.623,28.872,11.999,16.717,4.301,1.679,2.202,-51.648,1.3932,1.4227,2.5054,Neutral
IMG_00092,Medium,172.392,140.406,91.233,173.104,141.242,92.38,6.159,9.275,7.237,19.393,131.11,147.025,57.657,12.259,20.574,2.308,1.335,2.069,20.414,1.6783,1.2278,1.8896,Warm
IMG_00898,Medium,172.342,116.594,106.057,172.162,116.428,103.385,6.405,8.171,8.338,11.226,66.797,142.965,56.065,18.475,13.188,4.311,1.462,2.44,24.697,0.7138,1.4781,1.625,Cool
IMG_00565,Medium,182.145,133.798,114.622,182.25,132.553,116.034,11.788,5.516,10.17,8.339,94.863,157.522,61.773,15.021,11.25,5.523,2.943,2.665,46.301,0.749,1.3614,1.5891,Cool
IMG_00777,Medium,164.623,106.711,94.526,166.551,105.342,94.0,10.748,6.029,5.454,7.226,80.31,132.933,52.131,18.082,11.22,5.43,2.062,1.244,10.753,0.6205,1.5427,1.7416,Cool
IMG_00242,Tan,154.22,112.352,67.947,153.562,109.982,68.848,5.486,4.095,6.772,22.935,74.777,126.271,49.518,16.498,23.563,4.633,2.207,1.92,-1.171,1.4283,1.3726,2.2697,Warm
IMG_00014,Fair,212.421,163.922,125.138,211.128,166.495,125.899,10.16,5.011,8.172,17.51,65.971,183.978,72.148,18.592,16.604,2.341,1.319,2.582,53.143,0.893,1.2959,1.6975,Warm
IMG_00316,Fair,214.448,173.592,115.816,214.523,173.942,115.208,5.033,7.258,10.524,21.24,109.89,189.798,74.431,13.829,23.381,3.233,3.2,3.187,46.257,1.6908,1.2354,1.8516,Warm
IMG_00601,Fair,225.212,187.78,160.309,225.778,187.474,159.531,7.609,7.726,10.216,9.105,40.343,213.844,83.861,12.051,9.107,5.465,3.248,1.902,74.946,0.7558,1.1993,1.4049,Cool
IMG_00388,Medium,186.534,154.439,113.159,184.813,154.0,113.764,4.944,8.085,5.625,14.014,109.567,171.544,67.272,10.002,19.22,2.001,1.492,3.627,41.944,1.9217,1.2078,1.6484,Warm
IMG_01298,Fair,223.41,176.65,141.981,222.632,178.275,141.982,7.907,4.495,10.134,11.908,95.169,198.924,78.009,15.38,15.547,3.355,2.807,1.956,60.967,1.0109,1.2647,1.5735,Neutral
IMG_00167,Medium,170.533,139.366,84.373,170.88,139.456,85.804,11.089,4.877,9.031,16.575,100.975,147.314,57.77,13.172,22.451,3.146,3.046,3.793,19.091,1.7044,1.2236,2.0212,Warm
IMG_00841,Tan,151.738,109.613,82.749,152.095,110.083,82.427,6.879,3.941,8.004,9.968,68.108,124.744,48.919,14.799,11.975,2.499,3.032,2.869,-5.158,0.8091,1.3843,1.8337,Cool
IMG_00021,Fair,208.8,171.693,123.071,208.438,171.688,122.252,4.668,8.94,7.688,17.92,115.778,188.828,74.05,13.948,22.822,3.697,3.285,1.489,46.501,1.6362,1.2161,1.6966,Warm
IMG_00647,Medium,167.331,128.939,100.814,166.963,128.483,99.894,10.246,5.703,7.114,7.852,78.827,140.621,55.145,16.25,12.708,5.875,2.746,1.6,22.043,0.7821,1.2978,1.6598,Cool
IMG_01155,Fair,239.13,182.26,151.081,239.59,184.305,153.557,7.331,9.083,4.716,10.714,59.585,214.367,84.065,17.611,17.298,4.476,2.363,1.993,63.079,0.9822,1.312,1.5828,Neutral
IMG_00832,Deep,117.192,66.544,58.107,116.086,66.89,57.786,11.366,4.037,8.072,14.104,72.51,85.163,33.397,17.478,6.012,4.727,2.363,3.005,-70.095,0.344,1.7611,2.0169,Cool
IMG_01268,Deep,103.552,76.875,49.149,104.837,76.558,49.274,7.352,6.825,10.182,14.062,99.119,82.7,32.431,12.917,14.982,4.581,2.343,1.534,-49.544,1.1599,1.347,2.1069,Neutral
IMG_00563,Tan,143.479,100.324,82.452,142.896,99.564,85.72,6.909,6.114,10.949,9.121,62.33,121.12,47.498,13.857,10.088,5.979,1.464,3.088,-13.929,0.728,1.4301,1.7401,Cool
IMG_01316,Fair,212.102,170.309,126.571,210.734,170.533,127.275,9.791,9.232,7.91,11.019,84.26,189.458,74.297,16.375,16.935,3.29,1.914,1.523,55.124,1.0342,1.2454,1.6757,Neutral
IMG_00687,Medium,175.18,134.77,107.336,173.642,133.465,107.549,10.16,10.283,9.301,8.744,61.052,154.494,60.586,14.006,11.45,2.973,1.292,3.762,42.755,0.8175,1.2998,1.6321,Cool
IMG_00958,Medium,193.756,146.932,119.867,192.781,145.276,118.898,5.988,5.605,8.102,13.284,66.689,169.073,66.303,16.854,16.308,5.783,2.752,3.236,44.992,0.9676,1.3187,1.6164,Neutral
IMG_00190,Tan,144.381,115.22,73.106,143.156,115.739,73.67,6.172,9.83,6.31,12.191,121.909,122.717,48.124,13.304,19.256,4.199,1.316,2.308,-5.564,1.4474,1.2531,1.975,Warm
IMG_00976,Fair,241.101,186.287,154.833,241.648,186.382,154.141,10.303,3.74,10.298,11.584,77.955,213.731,83.816,18.457,15.864,5.674,2.491,2.453,64.868,0.8595,1.2942,1.5572,Neutral
IMG_00700,Medium,171.982,143.513,98.005,172.104,141.975,97.107,11.461,9.762,4.925,6.524,78.072,157.034,61.582,13.108,17.499,3.374,2.611,1.449,33.5,1.335,1.1984,1.7548,Cool
IMG_00511,Medium,205.637,152.851,121.913,204.082,152.638,120.236,5.849,7.063,10.159,5.504,84.315,176.37,69.165,18.398,12.479,4.775,2.108,2.168,56.93,0.6783,1.3453,1.6868,Cool
IMG_01083,Medium,176.275,134.593,99.11,176.946,133.328,99.499,7.179,6.188,8.433,13.145,79.116,149.035,58.445,15.709,16.105,2.374,2.892,1.312,27.672,1.0252,1.3097,1.7786,Neutral
IMG_00475,Medium,181.148,135.678,106.44,180.424,138.934,105.851,6.796,8.693,9.175,0.903,63.53,156.441,61.349,12.805,13.037,4.668,1.738,2.729,41.041,1.0181,1.3351,1.7019,Cool
IMG_00857,Fair,224.38,167.461,138.371,224.462,169.689,140.129,11.657,8.337,10.152,9.849,79.366,194.634,76.327,19.85,11.836,3.812,2.975,3.392,65.792,0.5963,1.3399,1.6216,Cool
IMG_00748,Fair,234.577,182.233,153.198,233.578,184.048,153.014,6.717,6.497,6.528,7.499,90.935,211.171,82.812,19.093,14.556,4.851,3.311,2.934,66.078,0.7624,1.2872,1.5312,Cool
IMG_00253,Medium,168.712,139.152,91.868,168.594,137.822,90.297,9.677,10.386,3.876,15.615,71.075,149.457,58.611,12.427,21.338,2.387,2.857,1.933,21.975,1.7171,1.2124,1.8365,Warm
IMG_00022,Fair,214.709,175.526,130.024,214.228,175.795,130.039,5.789,10.243,3.591,17.143,122.589,193.247,75.783,14.21,19.495,5.88,1.299,3.517,52.907,1.3719,1.2232,1.6513,Warm
IMG_00460,Fair,215.413,166.736,144.924,215.719,165.659,144.159,4.381,6.198,4.687,11.617,69.427,196.423,77.029,15.311,12.387,4.781,1.443,2.929,65.378,0.809,1.2919,1.4864,Cool
IMG_01185,Fair,225.607,186.743,142.772,228.488,186.598,143.194,5.892,7.86,4.366,12.312,80.06,209.475,82.147,10.887,15.434,2.509,1.365,3.003,64.354,1.4176,1.2081,1.5802,Neutral
IMG_00277,Fair,213.505,172.479,128.226,213.163,171.881,127.687,10.361,4.45,10.831,14.145,99.0,190.997,74.901,14.455,19.776,5.857,1.577,1.979,51.543,1.3681,1.2379,1.6651,Warm
IMG_00956,Fair,215.461,170.879,134.42,217.247,170.954,135.048,6.648,6.735,4.086,10.866,117.089,190.235,74.602,12.912,17.569,3.429,2.8,3.678,54.468,1.3607,1.2609,1.6029,Neutral
IMG_01216,Medium,186.778,144.61,106.709,185.924,144.451,107.915,4.726,6.352,10.337,12.692,74.352,161.768,63.438,14.413,15.931,5.126,2.863,2.586,40.148,1.1054,1.2916,1.7503,Neutral
IMG_00386,Medium,147.773,126.972,90.167,149.918,128.314,91.697,6.958,6.902,5.853,17.976,115.246,135.517,53.144,9.14,16.004,2.567,1.692,1.474,11.114,1.751,1.1638,1.6389,Warm
IMG_00806,Fair,227.554,166.915,131.75,227.799,167.46,130.527,9.951,6.814,5.711,10.067,99.618,192.581,75.522,20.65,13.818,5.208,2.802,3.637,61.569,0.6691,1.3633,1.7272,Cool
IMG_00344,Medium,181.332,144.104,98.125,182.933,144.32,99.74,8.015,7.735,7.699,14.927,69.147,158.02,61.969,13.516,16.761,3.946,2.361,1.659,35.529,1.2401,1.2583,1.848,Warm
IMG_00770,Fair,229.974,169.763,136.784,231.496,170.243,135.967,11.742,4.211,7.233,9.753,91.569,197.507,77.454,20.445,14.133,3.712,1.95,2.878,62.761,0.6913,1.3547,1.6813,Cool
IMG_01333,Medium,176.838,128.739,96.347,175.645,130.16,96.498,7.798,5.229,7.852,14.382,79.312,148.528,58.246,18.039,17.729,4.882,1.961,2.768,24.944,0.9828,1.3736,1.8354,Neutral
IMG_00131,Tan,115.466,98.46,53.183,116.111,98.522,52.936,7.79,3.905,10.683,15.605,81.624,99.21,38.906,11.44,17.623,5.771,3.006,3.777,-32.191,1.5404,1.1727,2.1711,Warm
IMG_00872,Fair,225.955,170.827,149.86,227.788,171.834,147.21,6.911,6.524,6.413,5.053,85.633,201.891,79.173,15.053,10.261,5.84,2.967,1.741,70.621,0.6817,1.3227,1.5078,Cool
IMG_01124,Medium,188.9,147.292,98.131,189.019,144.002,98.597,4.116,8.074,7.198,11.222,84.786,161.901,63.49,15.079,19.051,5.128,2.798,3.769,35.303,1.2634,1.2825,1.925,Neutral
IMG_00088,Medium,177.816,143.781,97.999,178.698,144.261,97.218,10.212,8.093,4.831,15.632,100.086,153.871,60.342,15.393,18.87,4.18,3.465,3.637,28.726,1.2259,1.2367,1.8145,Warm
IMG_00331,Medium,185.408,145.094,93.021,183.033,144.771,93.007,9.193,8.386,8.286,15.697,130.986,157.745,61.861,15.186,22.15,3.282,1.415,2.31,28.168,1.4585,1.2778,1.9932,Warm
IMG_01239,Fair,224.867,196.266,154.733,225.2,197.305,155.199,11.599,9.503,9.455,10.504,77.449,215.038,84.328,11.321,16.458,5.807,1.731,2.804,64.386,1.4537,1.1457,1.4533,Neutral
IMG_00467,Deep,115.578,80.769,55.842,115.66,81.624,55.567,11.961,6.294,8.116,6.737,101.793,90.455,35.472,15.55,7.79,3.461,2.103,3.009,-61.8,0.5009,1.431,2.0697,Cool
IMG_00122,Fair,226.575,188.164,128.326,225.517,185.892,128.582,4.621,6.353,6.553,18.616,107.749,202.012,79.22,15.261,23.723,2.264,2.002,1.489,50.928,1.5545,1.2041,1.7656,Warm
IMG_01045,Fair,216.406,177.062,133.714,218.378,176.448,133.488,5.292,6.189,7.888,12.277,111.406,194.333,76.209,12.952,19.894,4.901,2.661,3.057,52.8,1.5359,1.2222,1.6184,Neutral
IMG_01096,Fair,194.225,151.071,126.451,193.542,153.046,125.13,7.636,6.72,8.524,12.101,104.934,172.177,67.521,12.581,12.865,3.018,2.929,1.598,53.712,1.0225,1.2857,1.536,Neutral
IMG_01131,Medium,163.125,120.922,83.192,164.396,119.55,82.618,8.128,7.047,9.159,15.237,79.381,138.199,54.196,16.726,16.638,2.757,3.377,2.091,14.154,0.9947,1.349,1.9608,Neutral
IMG_01295,Medium,174.385,133.602,93.047,174.113,132.31,92.42,5.965,3.501,10.245,10.363,95.218,151.368,59.36,14.684,15.063,2.327,3.418,1.54,31.856,1.0258,1.3053,1.8742,Neutral
IMG_00861,Medium,176.962,122.988,109.924,174.987,123.144,109.729,6.507,6.424,4.696,8.59,78.115,150.122,58.871,17.294,9.079,4.024,1.396,1.321,44.338,0.525,1.4389,1.6099,Cool
IMG_01127,Medium,170.25,140.937,100.363,169.102,139.641,99.747,10.386,10.176,9.467,11.587,70.297,153.468,60.183,13.532,17.688,3.63,3.089,2.523,29.93,1.3072,1.208,1.6963,Neutral
